Title,Square,Price,Room,Floor,Building floor,Renovation,Material,Address,Lift,Bathroom,Washing machine,TV,Microwave oven,Playground,Furniture,Refrigerator,Air conditioner,Wifi,Cable,Security,Video surveillance,Parking space
2-комнатная квартира на продажу,60,61000,2,2,9,Требует ремонта,Панельный,"город Ташкент, Яшнободский район, махаллинский сход граждан Истиклол",1,0,0,0,0,0,0,0,0,0,0,0,0,0
4-комнатная квартира на продажу,95,80000,4,5,9,Евроремонт,Панельный,"город Ташкент, Сергелийский район, махаллинский сход граждан Эзгулик",1,1,0,0,0,1,1,0,1,1,1,0,0,1
1-комнатная квартира на продажу,37,55000,1,8,9,Евроремонт,Другое,"город Ташкент, Яшнободский район, жилой комплекс Assalom! Sohil, Фергана Йули",1,0,0,0,0,1,1,1,0,1,1,1,1,1
1-комнатная квартира на продажу,37,66000,1,2,5,Евроремонт,Кирпичный,"город Ташкент, Чиланзарский район, квартал Е, улица Мукими",0,0,0,0,0,0,0,0,0,0,0,0,0,0
4-комнатная квартира на продажу,127,206000,4,2,5,Средний,Кирпичный,"город Ташкент, Яшнободский район, махаллинский сход граждан Туйтепа, 1-й проезд Садыка Азимова",0,0,0,0,0,0,0,0,0,0,0,0,0,0
2-комнатная квартира на продажу,60,82000,2,4,5,Евроремонт,Кирпичный,"город Ташкент, Шайхантахурский район, массив Актепа",0,0,0,0,0,0,0,0,0,0,0,0,0,0
5-комнатная квартира на продажу,115,105000,5,5,5,Авторский проект,Другое,"город Ташкент, Мирзо-Улугбекский район, массив Ахмада Югнаки",0,1,1,0,1,1,1,1,1,1,0,0,0,1
3-комнатная квартира на продажу,68,69000,3,2,4,Средний,Панельный,"город Ташкент, Юнусабадский район, махаллинский сход граждан Ахмад Дониш",0,0,0,0,0,0,0,0,0,0,0,0,0,0
3-комнатная квартира на продажу,74,128000,3,3,9,Евроремонт,Панельный,"город Ташкент, Мирзо-Улугбекский район, махаллинский сход граждан Шахрисабз, улица Шахрисабз",1,0,0,0,0,0,0,0,0,0,0,0,0,0
5-комнатная квартира на продажу,115,140000,5,6,9,Средний,Панельный,"город Ташкент, Яккасарайский район, махаллинский сход граждан Шахжахан, улица Шох-Жахон",1,0,0,0,0,0,0,0,0,0,0,0,0,0
1-комнатная квартира на продажу,27,55000,1,1,4,Евроремонт,Кирпичный,"город Ташкент, Чиланзарский район, 1-й квартал, улица Лабихавуз",0,0,0,0,0,0,0,0,0,0,0,0,0,0
1-комнатная квартира на продажу,42,42000,1,9,12,Черновая отделка,Блочный,"город Ташкент, Яшнободский район, махаллинский сход граждан Олмос, 1-й тупик Бахт Кули",1,0,0,0,0,1,0,0,0,0,0,1,1,0
4-комнатная квартира на продажу,3,113000,4,6,9,Евроремонт,Панельный,"город Ташкент, Шайхантахурский район, массив Хадра",1,1,1,1,1,1,1,1,1,1,1,0,1,1
2-комнатная квартира на продажу,45,74000,2,3,4,Евроремонт,Панельный,"город Ташкент, Чиланзарский район, 2-й квартал",0,0,0,0,0,0,0,0,0,0,0,0,0,0
2-комнатная квартира на продажу,73,81000,2,4,8,Евроремонт,Кирпичный,"город Ташкент, Мирзо-Улугбекский район, махаллинский сход граждан Гульсанам",1,0,0,0,0,0,0,0,0,0,0,0,0,0
1-комнатная квартира на продажу,42,48500,1,3,4,Средний,Блочный,"город Ташкент, Юнусабадский район, махаллинский сход граждан Акбарабад",0,0,0,0,0,1,0,0,0,1,1,0,1,0
4-комнатная квартира на продажу,85,39900,4,1,1,Авторский проект,Кирпичный,"Ташкентская область, Нурафшан",0,0,0,0,0,0,0,0,0,0,0,0,0,0
1-комнатная квартира на продажу,27,39300,1,1,3,Евроремонт,Кирпичный,"город Ташкент, Мирзо-Улугбекский район, махаллинский сход граждан Навнихол, улица Музрабад",0,0,1,1,1,0,1,1,0,1,0,0,0,0
3-комнатная квартира на продажу,65,68000,3,8,9,Средний,Кирпичный,"город Ташкент, Мирзо-Улугбекский район, махаллинский сход граждан Азамат",1,0,0,0,0,0,0,0,0,0,0,0,0,0
1-комнатная квартира на продажу,28,49000,1,3,5,Евроремонт,Кирпичный,"город Ташкент, Мирзо-Улугбекский район, махаллинский сход граждан Богимайдан",0,0,0,0,0,0,0,0,0,0,0,0,0,0
3-комнатная квартира на продажу,78,80500,3,3,5,Авторский проект,Панельный,"город Ташкент, Юнусабадский район, махаллинский сход граждан Юнус Ата",0,0,0,0,0,0,0,0,0,0,0,0,0,0
2-комнатная квартира на продажу,50,83000,2,3,4,Евроремонт,Кирпичный,"город Ташкент, Юнусабадский район, массив Минор",0,0,1,1,0,0,1,1,1,0,0,0,0,0
3-комнатная квартира на продажу,68,62000,3,2,5,Требует ремонта,Кирпичный,"город Ташкент, Мирабадский район, махаллинский сход граждан Карасу, улица Абдурауфа Фитрата",0,0,0,0,0,0,0,0,0,0,0,0,0,0
3-комнатная квартира на продажу,67,68000,3,4,4,Средний,Панельный,"город Ташкент, Учтепинский район, махаллинский сход граждан Кухна-Чапаната",0,0,0,0,0,0,0,0,0,0,0,0,0,0
3-комнатная квартира на продажу,70,86000,3,2,5,Средний,Кирпичный,"город Ташкент, Мирзо-Улугбекский район, массив Буз-2, улица Узумзор",0,0,0,0,0,0,0,0,0,0,0,0,0,0
2-комнатная квартира на продажу,45,79900,2,2,4,Евроремонт,Панельный,"город Ташкент, Чиланзарский район, махаллинский сход граждан Дилабад",0,0,0,0,0,0,0,0,0,0,0,0,0,0
1-комнатная квартира на продажу,30,41500,1,1,4,Авторский проект,Панельный,"город Ташкент, Учтепинский район, 22-й квартал",0,0,0,0,0,1,0,0,0,0,0,0,0,0
4-комнатная квартира на продажу,93,104000,4,2,9,Средний,Панельный,"город Ташкент, Юнусабадский район, махаллинский сход граждан Халкабог",1,0,1,1,0,1,1,1,1,1,0,1,1,0
1-комнатная квартира на продажу,28,33000,1,3,4,Евроремонт,Кирпичный,"город Ташкент, Мирзо-Улугбекский район, махаллинский сход граждан Шалола, 2-й проезд Хирот",0,0,0,0,0,1,1,1,0,1,0,0,0,1
2-комнатная квартира на продажу,83,165000,2,3,10,Евроремонт,Другое,"город Ташкент, Юнусабадский район, махаллинский сход граждан Буюк Туран, проспект Амира Темура",1,0,0,0,0,0,0,0,0,0,0,0,0,0
2-комнатная квартира на продажу,65,173000,2,6,12,Черновая отделка,Другое,"город Ташкент, Яшнободский район, махаллинский сход граждан Туйтепа, улица Садыка Азимова",1,0,0,0,0,0,0,0,0,0,0,0,0,0
1-комнатная квартира на продажу,29,37000,1,9,16,Черновая отделка,Блочный,"город Ташкент, Мирзо-Улугбекский район, Assalom Bog'lar TJM",1,0,0,0,0,0,0,0,0,0,0,0,0,0
1-комнатная квартира на продажу,25,28500,1,1,3,Авторский проект,Кирпичный,"город Ташкент, Мирзо-Улугбекский район, 4-й квартал",0,0,0,0,0,0,0,0,0,0,0,0,0,0
1-комнатная квартира на продажу,54,39000,1,12,12,Требует ремонта,Монолитный,"город Ташкент, Чиланзарский район, махаллинский сход граждан Бек-Тупи, улица Сугалли-ота",1,0,0,0,0,0,0,0,0,0,0,0,0,0
2-комнатная квартира на продажу,41,67000,2,3,4,Авторский проект,Панельный,"город Ташкент, Чиланзарский район, махаллинский сход граждан Катта Чиланзар-3",0,0,0,0,0,0,0,0,0,0,0,0,0,0
1-комнатная квартира на продажу,56,52000,1,7,10,Черновая отделка,Кирпичный,"город Ташкент, Сергелийский район, массив Сергели-VIа",1,0,0,0,0,1,0,0,0,0,0,0,0,1
2-комнатная квартира на продажу,50,59000,2,4,4,Средний,Панельный,"город Ташкент, Чиланзарский район, махаллинский сход граждан Нафосат",0,0,0,0,0,0,0,0,0,0,0,0,0,0
1-комнатная квартира на продажу,19,27500,1,5,5,Евроремонт,Кирпичный,"город Ташкент, Яккасарайский район, махаллинский сход граждан Дилбулак, улица Кушбеги",0,0,0,0,0,0,0,0,0,0,0,0,0,0
3-комнатная квартира на продажу,78,89500,3,1,4,Евроремонт,Другое,"город Ташкент, Алмазарский район, массив Олимпия",0,1,1,1,1,1,1,1,1,1,1,0,0,1
2-комнатная квартира на продажу,76,89000,2,9,9,Средний,Блочный,"город Ташкент, Юнусабадский район, махаллинский сход граждан Кашгар, улица Буюк Турон",1,0,0,0,0,0,0,0,0,0,0,0,0,0
1-комнатная квартира на продажу,52,58000,1,9,9,Требует ремонта,Монолитный,"город Ташкент, Мирабадский район, махаллинский сход граждан Мирабад, улица Нукус",1,0,0,0,0,0,0,0,0,0,0,0,0,0
2-комнатная квартира на продажу,60,62000,2,5,9,Евроремонт,Монолитный,"город Ташкент, Чиланзарский район, махаллинский сход граждан Кизил-Шарк",1,0,0,0,0,0,0,0,0,0,0,0,0,0
5-комнатная квартира на продажу,180,218000,5,2,5,Требует ремонта,Кирпичный,"город Ташкент, Шайхантахурский район, массив Бешагач",0,0,0,0,0,0,0,0,0,0,0,0,0,0
3-комнатная квартира на продажу,74,80500,3,4,5,Средний,Кирпичный,"город Ташкент, Чиланзарский район, махаллинский сход граждан Лутфий, улица Лутфий",0,0,0,0,0,0,0,0,0,0,0,0,0,0
3-комнатная квартира на продажу,113,130000,3,4,4,Средний,Кирпичный,"город Ташкент, Мирзо-Улугбекский район, махаллинский сход граждан Сайрам, улица Сайрам",0,1,1,1,0,0,1,1,0,0,0,0,0,0
1-комнатная квартира на продажу,42,52000,1,1,4,Авторский проект,Кирпичный,"город Ташкент, Яшнободский район, махаллинский сход граждан Куксарой, 1-й проезд Алимкент",0,0,0,0,0,0,1,0,0,1,0,1,1,1
1-комнатная квартира на продажу,30,48800,1,2,4,Евроремонт,Панельный,"город Ташкент, Чиланзарский район, махаллинский сход граждан Ак-Тепа",0,0,0,0,0,0,0,0,0,0,0,0,0,0
1-комнатная квартира на продажу,38,49350,1,3,4,Евроремонт,Панельный,"город Ташкент, Чиланзарский район, махаллинский сход граждан Яккатут",0,1,1,1,0,1,1,1,1,1,1,0,0,1
4-комнатная квартира на продажу,72,76000,4,4,4,Средний,Кирпичный,"город Ташкент, Яшнободский район, квартал Авиасозлар, 4-й проезд Авиасозлар",0,1,0,0,0,1,0,0,0,1,1,0,0,1
3-комнатная квартира на продажу,73,75000,3,1,9,Евроремонт,Монолитный,"город Ташкент, Учтепинский район, махаллинский сход граждан Ватан",1,0,0,0,0,0,0,0,0,0,0,0,0,0
3-комнатная квартира на продажу,82,115000,3,4,4,Евроремонт,Кирпичный,"город Ташкент, Мирабадский район, махаллинский сход граждан Мингурик, улица Тараса Шевченко",1,0,1,1,1,1,1,1,1,1,1,0,0,1
2-комнатная квартира на продажу,55,83999,2,6,9,Евроремонт,Кирпичный,"город Ташкент, Чиланзарский район, махаллинский сход граждан Бешчинар",1,1,1,1,0,1,1,1,1,1,1,1,0,1
4-комнатная квартира на продажу,87,85000,4,3,4,Средний,Кирпичный,"город Ташкент, Алмазарский район, махаллинский сход граждан Шодиёна",0,0,0,0,0,0,0,0,0,0,0,0,0,0
2-комнатная квартира на продажу,60,67800,2,2,9,Евроремонт,Монолитный,"город Ташкент, Юнусабадский район, 12-й квартал, 7-й проезд Кулолкургон",1,0,0,0,0,0,0,0,0,0,0,0,0,0
3-комнатная квартира на продажу,63,80000,3,2,5,Средний,Панельный,"город Ташкент, Чиланзарский район, квартал Ц, улица Мехр",0,0,0,0,0,0,0,0,0,0,0,0,0,0
3-комнатная квартира на продажу,82,81000,3,2,8,Черновая отделка,Кирпичный,"город Ташкент, Яшнободский район, махаллинский сход граждан Семург, улица Паркент",1,0,0,0,0,0,0,0,0,0,0,0,0,0
1-комнатная квартира на продажу,34,68500,1,3,8,Евроремонт,Кирпичный,"город Ташкент, Яккасарайский район, махаллинский сход граждан Дилбулак, улица Шота Руставели",1,0,0,0,0,0,0,0,0,0,0,0,0,0
2-комнатная квартира на продажу,50,69555,2,3,4,Евроремонт,Панельный,"город Ташкент, Чиланзарский район, махаллинский сход граждан Кичик Хирмантепа",0,0,0,0,0,0,0,0,0,0,0,0,0,0
3-комнатная квартира на продажу,80,310000,3,4,11,Евроремонт,Блочный,"город Ташкент, Мирабадский район, жилой комплекс Mirabad Avenue, 2-й проезд Катта Миробод",1,0,0,0,0,0,0,0,0,0,0,0,0,0
2-комнатная квартира на продажу,45,60000,2,3,4,Требует ремонта,Панельный,"город Ташкент, Чиланзарский район, махаллинский сход граждан Катта Чиланзар-2, улица Арнасай",0,0,0,0,0,0,0,0,0,0,0,0,0,0
5-комнатная квартира на продажу,228,230000,5,9,10,Черновая отделка,Кирпичный,"город Ташкент, Юнусабадский район, махаллинский сход граждан Минор",1,0,0,0,0,0,0,0,0,0,0,0,0,0
2-комнатная квартира на продажу,45,85000,2,6,9,Евроремонт,Кирпичный,"город Ташкент, Яккасарайский район, махаллинский сход граждан Богсарай, улица Мирабад",1,0,0,0,0,0,0,0,0,0,0,0,0,0
2-комнатная квартира на продажу,53,56000,2,3,4,Средний,Панельный,"город Ташкент, Учтепинский район, махаллинский сход граждан Багабад",0,1,0,0,0,1,1,0,0,1,1,0,0,1
3-комнатная квартира на продажу,109,215000,3,7,10,Евроремонт,Кирпичный,"город Ташкент, Яккасарайский район, жилой комплекс Милано",1,0,0,0,0,0,0,0,0,0,0,0,0,0
4-комнатная квартира на продажу,140,270000,4,6,10,Евроремонт,Кирпичный,"город Ташкент, Чиланзарский район, махаллинский сход граждан Чиланзар, улица Мукими",1,0,0,0,0,0,0,0,0,0,0,0,0,0
4-комнатная квартира на продажу,99,220000,4,4,11,Евроремонт,Кирпичный,"город Ташкент, Мирзо-Улугбекский район, махаллинский сход граждан Аккурган, улица Урицкого",1,0,0,0,0,0,0,0,0,0,0,0,0,0
4-комнатная квартира на продажу,173,480000,4,4,8,Евроремонт,Кирпичный,"город Ташкент, Мирабадский район, махаллинский сход граждан Лолазар, улица Айбека",1,0,0,0,0,0,0,0,0,0,0,0,0,0
2-комнатная квартира на продажу,65,108000,2,4,4,Евроремонт,Кирпичный,"город Ташкент, Яккасарайский район, махаллинский сход граждан Юнус Раджаби, улица Богсарой",0,0,0,0,0,0,0,0,0,0,0,0,0,0
2-комнатная квартира на продажу,51,81000,2,3,9,Евроремонт,Кирпичный,"город Ташкент, Мирзо-Улугбекский район, массив Буз-1, проезд Каландар",1,0,0,0,0,0,0,0,0,0,0,0,0,0
2-комнатная квартира на продажу,65,105000,2,3,9,Евроремонт,Панельный,"город Ташкент, Мирабадский район, махаллинский сход граждан Афрасиаб, улица Шахрисабз",1,0,0,0,0,0,0,0,0,0,0,0,0,0
2-комнатная квартира на продажу,57,82000,2,3,4,Средний,Другое,"город Ташкент, Юнусабадский район, махаллинский сход граждан Богиэрам",0,1,0,0,0,0,0,0,0,0,0,0,0,0
5-комнатная квартира на продажу,112,105000,5,3,5,Средний,Панельный,"город Ташкент, Юнусабадский район, махаллинский сход граждан Бегубор",0,0,0,0,0,0,0,0,0,0,0,0,0,0
2-комнатная квартира на продажу,76,89000,2,9,9,Средний,Блочный,"город Ташкент, Мирабадский район, махаллинский сход граждан Шараф Рашидов, улица Чимкент",1,0,0,0,0,0,0,0,0,0,0,0,0,0
2-комнатная квартира на продажу,54,75000,2,2,3,Средний,Кирпичный,"город Ташкент, Яккасарайский район, махаллинский сход граждан Юнус Раджаби, площадь Космонавтов",0,0,0,0,0,0,0,0,0,0,0,0,0,0
5-комнатная квартира на продажу,1,150000,5,1,1,Средний,Кирпичный,"город Ташкент, Бектемирский район, Йик-Ата, 2-й проезд улица Фазилат",0,0,0,0,0,0,0,0,0,0,0,0,0,0
4-комнатная квартира на продажу,125,200000,4,1,5,Евроремонт,Кирпичный,"город Ташкент, Чиланзарский район, махаллинский сход граждан Навбахор, улица Мехр",0,0,0,0,0,0,0,0,0,0,0,0,0,0
3-комнатная квартира на продажу,70,45000,3,4,4,Средний,Кирпичный,"Ташкентская область, Янгиюль, Самаркандская улица",0,0,0,0,0,0,0,0,0,0,0,0,0,0
2-комнатная квартира на продажу,30,41250,2,1,4,Евроремонт,Кирпичный,"город Ташкент, Учтепинский район, махаллинский сход граждан Найман",0,1,0,0,0,1,1,0,0,1,1,0,0,1
3-комнатная квартира на продажу,66,78000,3,3,4,Требует ремонта,Кирпичный,"город Ташкент, Мирзо-Улугбекский район, махаллинский сход граждан Олий Химмат, улица Зиёлилар",0,0,0,0,0,0,0,0,0,0,0,0,0,0
4-комнатная квартира на продажу,90,169000,4,8,9,Авторский проект,Панельный,"город Ташкент, Мирабадский район, массив Госпитальный",1,1,1,1,1,1,1,1,1,1,1,0,0,0
3-комнатная квартира на продажу,48,68000,3,2,4,Евроремонт,Панельный,"город Ташкент, Чиланзарский район, махаллинский сход граждан Заркурган, улица Ботирма",0,1,1,1,1,1,1,1,1,1,1,0,1,1
2-комнатная квартира на продажу,52,58500,2,4,5,Средний,Кирпичный,"город Ташкент, Учтепинский район, 26-й квартал",0,0,0,0,0,0,0,0,0,0,0,0,0,0
2-комнатная квартира на продажу,57,63000,2,1,4,Требует ремонта,Другое,"город Ташкент, Алмазарский район, махаллинский сход граждан Алтынсай",0,0,0,0,0,0,0,0,0,0,0,0,0,0
1-комнатная квартира на продажу,38,53500,1,3,4,Евроремонт,Панельный,"город Ташкент, Юнусабадский район, 1-й квартал, проспект Амира Темура",0,1,1,1,0,0,0,1,1,1,0,0,0,0
3-комнатная квартира на продажу,75,125000,3,3,4,Евроремонт,Другое,"город Ташкент, Яккасарайский район, махаллинский сход граждан Ракат, улица Шота Руставели",0,0,0,1,1,0,1,1,1,0,0,0,0,1
2-комнатная квартира на продажу,60,135000,2,4,4,Евроремонт,Кирпичный,"город Ташкент, Мирабадский район, махаллинский сход граждан Айбек, улица Шахрисабз",0,0,0,0,0,0,0,0,0,0,0,0,0,0
1-комнатная квартира на продажу,37,65000,1,4,9,Евроремонт,Блочный,"город Ташкент, Яккасарайский район, махаллинский сход граждан Хамид Сулаймонов, улица Шота Руставели",1,0,0,0,0,0,0,0,0,0,0,0,0,0
4-комнатная квартира на продажу,112,115000,4,7,9,Средний,Блочный,"город Ташкент, Мирзо-Улугбекский район, махаллинский сход граждан Нур, улица Шастри",1,0,0,0,0,0,0,0,0,0,0,0,0,0
3-комнатная квартира на продажу,78,79500,3,4,5,Евроремонт,Панельный,"город Ташкент, Юнусабадский район, 10-й квартал",0,1,0,0,0,1,1,0,1,1,1,0,0,0
2-комнатная квартира на продажу,50,75000,2,3,4,Евроремонт,Кирпичный,"город Ташкент, Юнусабадский район, махаллинский сход граждан Адолат",0,1,1,1,1,1,1,1,1,1,1,1,1,1
2-комнатная квартира на продажу,50,54500,2,2,4,Требует ремонта,Панельный,"город Ташкент, Юнусабадский район, 7-й квартал",0,0,0,0,0,0,0,0,0,0,0,0,0,0
3-комнатная квартира на продажу,60,82000,3,4,5,Авторский проект,Кирпичный,"город Ташкент, Чиланзарский район, махаллинский сход граждан Лутфий, площадь Актепа",0,0,1,1,0,1,1,1,1,1,1,0,1,1
1-комнатная квартира на продажу,33,36000,1,2,3,Средний,Кирпичный,"город Ташкент, Яшнободский район, махаллинский сход граждан Ахмад Яссавий, улица Алимкент",0,0,0,0,0,0,0,0,0,0,0,0,0,0
2-комнатная квартира на продажу,72,82000,2,2,3,Средний,Кирпичный,"город Ташкент, Яшнободский район, махаллинский сход граждан Гузал, улица Гузаль",0,1,1,1,1,1,1,1,1,1,0,0,0,1
3-комнатная квартира на продажу,65,85000,3,4,5,Евроремонт,Монолитный,"город Ташкент, Чиланзарский район, махаллинский сход граждан Навбахор",0,0,0,0,0,0,0,0,0,0,0,0,0,0
3-комнатная квартира на продажу,152,215000,3,3,9,Евроремонт,Панельный,"город Ташкент, Мирабадский район, махаллинский сход граждан Айбек, улица Айбека",1,0,0,0,0,0,0,0,0,0,0,0,0,0
3-комнатная квартира на продажу,64,72000,3,1,3,Евроремонт,Панельный,"город Ташкент, Учтепинский район, 13-й квартал",0,0,0,0,0,0,0,0,0,0,0,0,0,0
4-комнатная квартира на продажу,126,175000,4,5,6,Черновая отделка,Кирпичный,"город Ташкент, Мирзо-Улугбекский район, махаллинский сход граждан Лашкарбеги, улица Кары-Ниязи",1,0,0,0,0,0,0,0,0,0,0,0,0,0
4-комнатная квартира на продажу,105,100000,4,10,10,Требует ремонта,Кирпичный,"город Ташкент, Яшнободский район, махаллинский сход граждан Машинасозлар, улица Махтумкули",1,0,0,0,0,0,0,0,0,0,0,0,0,0
3-комнатная квартира на продажу,75,80000,3,3,4,Средний,Кирпичный,"город Ташкент, Учтепинский район, махаллинский сход граждан Нурабад, улица Маданият",0,1,0,0,0,1,0,0,0,1,1,0,1,1
2-комнатная квартира на продажу,44,42000,2,5,10,Средний,Блочный,"город Ташкент, Янгихаётский район, махаллинский сход граждан Хушнуд, улица Кипчак",1,1,0,0,0,0,1,0,1,1,0,0,1,0
1-комнатная квартира на продажу,37,44000,1,2,7,Средний,Монолитный,"город Ташкент, Янгихаётский район, махаллинский сход граждан Янги Чоштепа, улица Узар",1,1,0,1,0,1,1,1,1,1,1,1,1,1
3-комнатная квартира на продажу,79,77000,3,5,5,Евроремонт,Кирпичный,"город Ташкент, Мирзо-Улугбекский район, махаллинский сход граждан Минглола",0,1,1,1,0,0,1,0,1,0,1,0,0,0
4-комнатная квартира на продажу,86,92000,4,1,9,Авторский проект,Панельный,"город Ташкент, Яшнободский район, махаллинский сход граждан Яшнобод, улица Лисунова",1,0,0,0,0,0,0,0,0,0,0,0,0,0
2-комнатная квартира на продажу,47,50200,2,4,4,Требует ремонта,Панельный,"город Ташкент, Чиланзарский район, 8-й квартал",0,0,0,0,0,0,0,0,0,0,0,0,0,0
2-комнатная квартира на продажу,47,54600,2,2,4,Средний,Панельный,"город Ташкент, Учтепинский район, махаллинский сход граждан Кургантепа",0,0,0,0,0,0,0,0,0,0,0,0,0,0
2-комнатная квартира на продажу,57,65000,2,4,4,Евроремонт,Другое,"город Ташкент, Сергелийский район, махаллинский сход граждан Нилуфар",0,0,1,1,0,1,1,0,1,0,1,0,0,1
3-комнатная квартира на продажу,65,78000,3,1,4,Средний,Кирпичный,"город Ташкент, Мирабадский район, махаллинский сход граждан Банокатий, улица Абу Сулеймана Банокати",0,0,0,0,0,0,0,0,0,0,0,0,0,0
3-комнатная квартира на продажу,82,61000,3,3,14,Требует ремонта,Панельный,"город Ташкент, Сергелийский район, махаллинский сход граждан Янги Сергели",1,1,0,0,0,1,0,0,0,0,0,0,0,0
2-комнатная квартира на продажу,50,52000,2,4,4,Средний,Панельный,"город Ташкент, Юнусабадский район, 15-й квартал",0,0,0,0,0,0,0,0,0,0,0,0,0,0
3-комнатная квартира на продажу,75,85000,3,9,9,Авторский проект,Панельный,"город Ташкент, Мирзо-Улугбекский район, махаллинский сход граждан Лашкарбеги, проспект Мустакиллик",1,0,0,0,0,0,0,0,0,0,0,0,0,0
3-комнатная квартира на продажу,78,78000,3,4,4,Средний,Кирпичный,"город Ташкент, Мирзо-Улугбекский район, махаллинский сход граждан Аль-Фараби, улица Ахмада Югнаки",0,0,1,1,1,1,1,1,1,0,1,0,0,1
4-комнатная квартира на продажу,92,83000,4,3,5,Средний,Панельный,"город Ташкент, Мирабадский район, махаллинский сход граждан Алтынкуль, улица Абдурауфа Фитрата",0,0,0,0,0,0,0,0,0,0,0,0,0,0
4-комнатная квартира на продажу,150,170000,4,6,9,Авторский проект,Кирпичный,"город Ташкент, Юнусабадский район, 17-й квартал",1,1,1,1,1,1,1,1,1,1,1,1,1,1
1-комнатная квартира на продажу,21,28000,1,2,5,Средний,Кирпичный,"город Ташкент, Мирзо-Улугбекский район, махаллинский сход граждан Сайрам, 5-й проезд Сайрам",0,0,0,0,0,0,0,0,0,0,0,0,0,0
2-комнатная квартира на продажу,51,49000,2,4,4,Требует ремонта,Панельный,"город Ташкент, Юнусабадский район, микрорайон ТашГРЭС",0,0,0,0,0,0,0,0,0,0,0,0,0,0
3-комнатная квартира на продажу,80,70500,3,5,5,Средний,Панельный,"город Ташкент, Мирабадский район, махаллинский сход граждан Истиклолабад, 5-й проезд Эски-Сарикул",0,0,0,0,0,0,0,0,0,0,0,0,0,0
2-комнатная квартира на продажу,40,42000,2,2,2,Евроремонт,Кирпичный,"город Ташкент, Мирабадский район, махаллинский сход граждан Карасу, Ферганская улица",0,0,0,0,0,0,0,0,0,0,0,0,0,0
1-комнатная квартира на продажу,34,40500,1,2,2,Средний,Кирпичный,"город Ташкент, Мирабадский район, махаллинский сход граждан Абдурауф Фитрат, улица Учувчилар",0,0,0,0,0,0,0,0,0,0,0,0,0,0
1-комнатная квартира на продажу,34,41500,1,3,4,Средний,Кирпичный,"город Ташкент, Мирабадский район, махаллинский сход граждан Навруз, улица Сарыкуль",0,0,0,0,0,0,0,0,0,0,0,0,0,0
1-комнатная квартира на продажу,39,55000,1,5,9,Евроремонт,Панельный,"город Ташкент, Яшнободский район, жилой комплекс Эльбек",1,0,1,1,1,1,1,1,1,1,0,1,1,1
2-комнатная квартира на продажу,56,57000,2,4,4,Евроремонт,Панельный,"Ташкентская область, городской посёлок Эшангузар, 1-й микрорайон, улица Шарк Юлдузи",0,1,1,1,1,0,1,1,1,1,1,0,0,1
1-комнатная квартира на продажу,36,60000,1,4,5,Авторский проект,Кирпичный,"Ташкентская область, городской посёлок Кибрай, улица Хамза",0,0,0,0,0,0,0,0,0,0,0,0,0,0
5-комнатная квартира на продажу,120,120000,5,9,9,Евроремонт,Монолитный,"город Ташкент, Учтепинский район, махаллинский сход граждан Фарход",1,0,0,0,0,0,0,0,0,0,0,0,0,0
3-комнатная квартира на продажу,70,78800,3,1,4,Средний,Панельный,"город Ташкент, Юнусабадский район, махаллинский сход граждан Богишамол",0,0,1,0,0,0,1,0,1,1,0,0,0,1
5-комнатная квартира на продажу,116,210000,5,5,9,Евроремонт,Другое,"город Ташкент, Мирзо-Улугбекский район, массив Алай",1,0,0,0,0,0,0,0,0,0,0,0,0,0
3-комнатная квартира на продажу,62,90000,3,2,4,Евроремонт,Кирпичный,"город Ташкент, Мирзо-Улугбекский район, массив Феруза-1, улица Мирзо Улугбека",0,0,1,1,1,1,1,1,1,1,1,0,0,1
2-комнатная квартира на продажу,60,74500,2,5,9,Евроремонт,Панельный,"город Ташкент, Юнусабадский район, массив Кашгар",1,0,0,0,0,0,0,0,0,0,0,0,0,0
2-комнатная квартира на продажу,50,70000,2,1,4,Средний,Кирпичный,"город Ташкент, Мирзо-Улугбекский район, махаллинский сход граждан Тракторсозлар, улица Ульяна",0,0,0,0,0,0,0,0,0,0,0,0,0,0
3-комнатная квартира на продажу,90,110000,3,5,5,Евроремонт,Кирпичный,"город Ташкент, Яккасарайский район, жилой комплекс Яккасарой палас, улица Бабура",0,0,1,1,1,1,1,1,1,1,0,0,0,0
2-комнатная квартира на продажу,75,80000,2,9,9,Средний,Панельный,"город Ташкент, Шайхантахурский район, махаллинский сход граждан Олмазор, улица Ислама Каримова",1,0,0,0,0,0,0,0,0,0,0,0,0,0
4-комнатная квартира на продажу,90,88000,4,4,4,Евроремонт,Кирпичный,"город Ташкент, Юнусабадский район, махаллинский сход граждан Богибустан, улица Богишамол",0,0,0,0,0,0,0,0,0,0,0,0,0,0
4-комнатная квартира на продажу,110,100000,4,2,4,Средний,Кирпичный,"город Ташкент, Янгихаётский район, 4-й квартал, улица Софдил",0,1,0,0,0,1,1,0,1,1,0,0,0,1
2-комнатная квартира на продажу,59,195555,2,8,51,Требует ремонта,Блочный,"город Ташкент, Шайхантахурский район, жилой комплекс Nest One, улица Батыра Закирова",1,0,0,0,0,0,0,0,0,0,0,0,0,0
1-комнатная квартира на продажу,18,24500,1,1,4,Авторский проект,Кирпичный,"город Ташкент, Яшнободский район, махаллинский сход граждан Бойкургон, улица Мирзо Улугбека",0,0,1,0,0,1,1,0,0,1,0,0,0,1
3-комнатная квартира на продажу,78,76500,3,2,5,Средний,Панельный,"город Ташкент, Юнусабадский район, махаллинский сход граждан Сабирабад",0,0,0,0,0,0,0,0,0,0,0,0,0,0
2-комнатная квартира на продажу,55,81950,2,6,9,Евроремонт,Кирпичный,"город Ташкент, Чиланзарский район, 5-й квартал",1,1,1,1,0,1,1,1,1,1,1,0,0,1
4-комнатная квартира на продажу,130,152000,4,8,9,Средний,Панельный,"город Ташкент, Юнусабадский район, массив Минор, Namangan ko'chasi",1,1,1,1,0,0,1,1,1,1,0,0,0,0
1-комнатная квартира на продажу,42,78000,1,1,5,Евроремонт,Кирпичный,"город Ташкент, Яккасарайский район, махаллинский сход граждан Юнус Ражабий, улица Юнуса Раджаби",0,0,1,1,0,0,1,1,1,1,0,0,0,0
2-комнатная квартира на продажу,53,92000,2,5,5,Евроремонт,Кирпичный,"город Ташкент, Мирабадский район, махаллинский сход граждан Салор, улица Туркистан",0,0,1,0,0,1,1,0,1,1,0,0,0,1
2-комнатная квартира на продажу,52,63000,2,2,4,Требует ремонта,Кирпичный,"город Ташкент, Мирзо-Улугбекский район, махаллинский сход граждан Аккурган, улица Аккурган",0,0,0,0,0,0,0,0,0,0,0,0,0,0
1-комнатная квартира на продажу,38,47000,1,1,5,Требует ремонта,Кирпичный,"город Ташкент, Мирзо-Улугбекский район, махаллинский сход граждан Юзрабат",0,0,0,0,0,1,0,0,0,1,1,0,0,0
2-комнатная квартира на продажу,54,68000,2,4,4,Средний,Кирпичный,"город Ташкент, Мирзо-Улугбекский район, махаллинский сход граждан Элабад, улица Буюк Ипак Йули",0,0,0,0,0,0,0,0,0,0,0,0,0,0
3-комнатная квартира на продажу,67,88000,3,2,4,Евроремонт,Кирпичный,"город Ташкент, Мирзо-Улугбекский район, махаллинский сход граждан Шахриабад",0,0,0,0,0,0,0,0,0,0,0,0,0,0
3-комнатная квартира на продажу,78,69900,3,4,5,Евроремонт,Панельный,"город Ташкент, Яшнободский район, массив Аханграбо, улица Курувчилар",0,1,0,0,0,1,1,0,0,0,1,0,0,1
2-комнатная квартира на продажу,50,65200,2,2,4,Средний,Панельный,"город Ташкент, Чиланзарский район, махаллинский сход граждан Чиланзар, улица Чиланзар",0,0,0,0,0,0,0,0,0,0,0,0,0,0
1-комнатная квартира на продажу,33,47300,1,3,4,Евроремонт,Панельный,"город Ташкент, Чиланзарский район, Chilanzar Business City TJM, улица Чиланзар",0,0,0,0,0,0,0,0,0,0,0,0,0,0
4-комнатная квартира на продажу,92,84000,4,11,12,Евроремонт,Кирпичный,"город Ташкент, Шайхантахурский район, махаллинский сход граждан Самарканд Дарваза, улица Самарканд Дарвоза",1,0,0,0,0,0,0,0,0,0,0,0,0,0
2-комнатная квартира на продажу,42,44000,2,5,6,Черновая отделка,Кирпичный,"город Ташкент, Яшнободский район, махаллинский сход граждан Джурабек, улица Обишир",1,0,0,0,0,0,0,0,0,0,0,0,0,0
2-комнатная квартира на продажу,54,70000,2,3,5,Требует ремонта,Кирпичный,"город Ташкент, Мирзо-Улугбекский район, махаллинский сход граждан Бешкапа, улица Буюк Ипак Йули",0,0,0,0,0,0,0,0,0,0,0,0,0,0
2-комнатная квартира на продажу,46,54500,2,3,4,Средний,Кирпичный,"город Ташкент, Учтепинский район, махаллинский сход граждан Диёрабад",0,0,0,0,0,0,0,0,0,0,0,0,0,0
4-комнатная квартира на продажу,97,100000,4,2,9,Средний,Монолитный,"город Ташкент, Юнусабадский район, махаллинский сход граждан Уч Кахрамон",1,0,0,0,0,0,0,0,0,0,0,0,0,0
3-комнатная квартира на продажу,70,70000,3,3,5,Требует ремонта,Кирпичный,"город Ташкент, Учтепинский район, махаллинский сход граждан Фархад",0,0,0,0,0,0,0,0,0,0,0,0,0,0
4-комнатная квартира на продажу,100,110000,4,4,5,Евроремонт,Монолитный,"город Ташкент, Юнусабадский район, махаллинский сход граждан Севинч",0,1,1,1,1,1,1,1,1,1,1,0,0,1
2-комнатная квартира на продажу,62,85000,2,1,5,Средний,Панельный,"город Ташкент, Мирзо-Улугбекский район, махаллинский сход граждан Султония",0,0,0,0,0,0,0,0,0,0,0,0,0,0
3-комнатная квартира на продажу,83,250000,3,6,11,Авторский проект,Кирпичный,"город Ташкент, Мирабадский район, жилой комплес Парквуд, 6-й проезд Мироншаха",1,0,0,0,0,0,0,0,0,0,0,0,0,0
2-комнатная квартира на продажу,74,100000,2,13,18,Евроремонт,Монолитный,"город Ташкент, Мирзо-Улугбекский район, площадь Хамида Алимджана, площадь Хамида Алимджана",1,0,0,0,0,0,0,0,0,0,0,0,0,0
2-комнатная квартира на продажу,76,130000,2,3,9,Авторский проект,Кирпичный,"город Ташкент, Шайхантахурский район, махаллинский сход граждан Гульабад",1,0,0,0,0,0,0,0,0,0,0,0,0,0
4-комнатная квартира на продажу,90,75000,4,4,5,Средний,Монолитный,"город Ташкент, Яшнободский район, махаллинский сход граждан Тонг",0,0,0,0,0,0,0,0,0,0,0,0,0,0
2-комнатная квартира на продажу,65,101999,2,8,9,Евроремонт,Монолитный,"город Ташкент, Мирзо-Улугбекский район, махаллинский сход граждан Алпомиш, улица Лашкарлар",1,0,0,0,0,0,0,0,0,0,0,0,0,0
2-комнатная квартира на продажу,60,69000,2,4,9,Средний,Монолитный,"город Ташкент, Яшнободский район, махаллинский сход граждан Семург",1,0,0,0,0,0,0,0,0,0,0,0,0,0
2-комнатная квартира на продажу,55,56000,2,5,5,Черновая отделка,Кирпичный,"город Ташкент, Мирзо-Улугбекский район, населённый пункт Янгиабад, улица Миллий Бог",0,0,0,0,0,0,0,0,0,0,0,0,0,0
2-комнатная квартира на продажу,60,120000,2,3,9,Евроремонт,Другое,"город Ташкент, Мирабадский район, махаллинский сход граждан Янги Мирабад, Малая кольцевая дорога",1,0,0,1,0,1,1,1,0,1,0,1,0,0
1-комнатная квартира на продажу,36,38500,1,3,4,Требует ремонта,Кирпичный,"город Ташкент, Юнусабадский район, 2-й квартал",0,0,0,0,0,0,0,0,0,0,0,0,0,0
1-комнатная квартира на продажу,45,32900,1,5,7,Евроремонт,Кирпичный,"Бухарская область, Бухара",1,0,1,1,0,1,1,1,1,1,1,0,1,1
3-комнатная квартира на продажу,74,76000,3,4,5,Требует ремонта,Монолитный,"город Ташкент, Мирзо-Улугбекский район, 3-й квартал",0,1,0,0,0,1,1,0,0,0,0,0,0,0
1-комнатная квартира на продажу,40,46000,1,4,5,Средний,Монолитный,"город Ташкент, Яшнободский район, махаллинский сход граждан Алимкент, улица Кадышева",0,1,0,0,0,1,0,0,0,1,0,0,0,1
2-комнатная квартира на продажу,63,75000,2,9,9,Средний,Панельный,"город Ташкент, Шайхантахурский район, махаллинский сход граждан Шайхонтохур",1,0,0,0,0,0,0,0,0,0,0,0,0,0
3-комнатная квартира на продажу,73,63000,3,6,9,Евроремонт,Монолитный,"город Ташкент, Алмазарский район, махаллинский сход граждан Чимбай",1,0,0,0,0,1,1,0,0,1,1,0,0,1
2-комнатная квартира на продажу,36,45000,2,1,4,Средний,Кирпичный,"город Ташкент, Чиланзарский район, махаллинский сход граждан Наккошлик, проспект Бунёдкор (дублёр)",0,0,0,0,1,1,0,0,0,1,0,0,0,0
4-комнатная квартира на продажу,111,135000,4,7,9,Евроремонт,Панельный,"город Ташкент, Юнусабадский район, махаллинский сход граждан Атчапар-1, проспект Амира Темура",1,0,0,0,0,0,0,0,0,0,0,0,0,0
3-комнатная квартира на продажу,95,90000,3,5,5,Средний,Кирпичный,"город Ташкент, Мирабадский район, махаллинский сход граждан Тонг Юлдузи, улица Сайхун",0,0,0,0,0,0,0,0,0,0,0,0,0,0
2-комнатная квартира на продажу,50,53000,2,2,4,Требует ремонта,Панельный,"город Ташкент, Юнусабадский район, 6-й квартал",0,0,0,0,0,0,0,0,0,0,0,0,0,0
1-комнатная квартира на продажу,42,46500,1,3,4,Авторский проект,Кирпичный,"город Ташкент, Юнусабадский район, махаллинский сход граждан Богибустан, улица Машинасозлар",0,0,0,0,0,0,0,0,0,0,0,0,0,0
2-комнатная квартира на продажу,57,65000,2,4,5,Евроремонт,Кирпичный,"город Ташкент, Яшнободский район, махаллинский сход граждан Яшнобод, улица Корасув",0,1,0,0,0,1,0,0,0,1,1,0,0,1
1-комнатная квартира на продажу,18,19600,1,4,4,Авторский проект,Кирпичный,"город Ташкент, Мирабадский район, махаллинский сход граждан Абдурауф Фитрат, улица Таллимаржон",0,0,0,0,0,0,0,0,0,0,0,0,0,0
2-комнатная квартира на продажу,52,59500,2,4,5,Средний,Кирпичный,"город Ташкент, Мирабадский район, махаллинский сход граждан Сарыкуль, улица Абдурауфа Фитрата",0,0,0,0,0,0,0,0,0,0,0,0,0,0
1-комнатная квартира на продажу,30,39800,1,4,4,Средний,Кирпичный,"город Ташкент, Мирабадский район, махаллинский сход граждан Темирйулчилар, улица Чамбил",0,0,0,0,0,0,0,0,0,0,0,0,0,0
2-комнатная квартира на продажу,63,79800,2,8,9,Евроремонт,Панельный,"город Ташкент, Мирабадский район, махаллинский сход граждан Инокобод, улица Сайхун",1,0,0,0,0,0,0,0,0,0,0,0,0,0
2-комнатная квартира на продажу,63,79800,2,4,9,Евроремонт,Панельный,"город Ташкент, Мирабадский район, махаллинский сход граждан Янги Замон, улица Янгизамон",1,0,0,0,0,0,0,0,0,0,0,0,0,0
2-комнатная квартира на продажу,43,42000,2,2,2,Средний,Кирпичный,"город Ташкент, Мирабадский район, махаллинский сход граждан Банокатий",0,0,0,0,0,0,0,0,0,0,0,0,0,0
1-комнатная квартира на продажу,40,43500,1,1,4,Средний,Монолитный,"город Ташкент, Яшнободский район, махаллинский сход граждан Алимкент, 1-й проезд Авиасозлар",0,0,0,0,0,0,0,0,0,0,0,0,0,0
2-комнатная квартира на продажу,58,47500,2,2,2,Авторский проект,Кирпичный,"город Ташкент, Яшнободский район, махаллинский сход граждан Бойкургон, улица Боткина",0,0,0,0,0,0,0,0,0,0,0,0,0,0
3-комнатная квартира на продажу,80,66000,3,1,8,Авторский проект,Кирпичный,"город Ташкент, Яшнободский район, махаллинский сход граждан Хосиятли, улица Иззат",1,0,0,0,0,0,0,0,0,0,0,0,0,0
2-комнатная квартира на продажу,62,41000,2,2,2,Средний,Кирпичный,"Ташкентская область, Чирчик, проспект Алишера Навои",0,1,1,1,1,1,1,1,1,1,1,0,0,1
4-комнатная квартира на продажу,100,71000,4,8,9,Средний,Панельный,"город Ташкент, Янгихаётский район, массив Дустлик-2",1,1,0,0,0,1,0,0,1,1,1,0,0,1
1-комнатная квартира на продажу,28,40500,1,4,4,Средний,Кирпичный,"город Ташкент, Яккасарайский район, махаллинский сход граждан Яккасарай, Малая кольцевая дорога",0,0,0,0,0,1,0,0,0,1,1,0,0,1
3-комнатная квартира на продажу,70,85000,3,3,4,Авторский проект,Кирпичный,"город Ташкент, Чиланзарский район, махаллинский сход граждан Катта Домбрабад, улица Наккашлык",0,1,1,1,0,1,1,1,1,1,1,0,0,0
3-комнатная квартира на продажу,96,85000,3,8,10,Черновая отделка,Кирпичный,"город Ташкент, Яккасарайский район, махаллинский сход граждан Мерос, улица Богибустан",1,0,0,0,0,0,0,0,0,0,0,0,0,0
2-комнатная квартира на продажу,70,82000,2,6,9,Средний,Панельный,"город Ташкент, Мирабадский район, махаллинский сход граждан Айбек, улица Саида Барака",1,1,1,1,1,1,1,1,1,1,1,0,0,1
3-комнатная квартира на продажу,135,94500,3,10,10,Черновая отделка,Кирпичный,"город Ташкент, Шайхантахурский район, жилой комплекс Кукча дарвоза, улица Кукча Дарвоза",1,0,0,0,0,0,0,0,0,0,0,0,0,0
3-комнатная квартира на продажу,65,101988,3,2,4,Евроремонт,Кирпичный,"город Ташкент, Мирабадский район, махаллинский сход граждан Истиклолабад, улица Сарыкуль",0,0,0,0,0,0,0,0,0,0,0,0,0,0
3-комнатная квартира на продажу,69,65000,3,4,5,Средний,Кирпичный,"город Ташкент, Сергелийский район, массив Учувчилар Шахарчаси",0,0,1,1,0,1,1,1,0,1,1,0,0,0
2-комнатная квартира на продажу,49,49900,2,2,4,Евроремонт,Кирпичный,"Самаркандская область, Самарканд, улица Мирзо Улугбека",0,1,1,1,1,1,1,1,1,0,0,0,0,1
3-комнатная квартира на продажу,84,65500,3,9,9,Средний,Панельный,"город Ташкент, Юнусабадский район, 9-й квартал",1,0,0,0,0,0,0,0,0,0,0,0,0,0
1-комнатная квартира на продажу,26,40000,1,1,4,Авторский проект,Кирпичный,"город Ташкент, Чиланзарский район, махаллинский сход граждан Катартал",0,0,0,0,0,0,0,0,0,0,0,0,0,0
2-комнатная квартира на продажу,52,27500,2,1,4,Средний,Другое,"Джизакская область, Джизак, махаллинский сход граждан Жиззахлик, улица Хавастлик",0,0,0,0,0,1,0,0,0,0,0,0,0,0
2-комнатная квартира на продажу,55,61500,2,3,4,Требует ремонта,Кирпичный,"город Ташкент, Юнусабадский район, махалля Отчопар-1, проспект Амира Темура",0,0,0,0,0,0,0,0,0,0,0,0,0,0
3-комнатная квартира на продажу,74,140000,3,1,4,Требует ремонта,Кирпичный,"город Ташкент, Мирзо-Улугбекский район, махаллинский сход граждан Мустакиллик, улица Истиклол",0,0,0,0,0,0,0,0,0,0,0,0,0,0
2-комнатная квартира на продажу,44,57500,2,4,8,Евроремонт,Кирпичный,"город Ташкент, Яшнободский район, махаллинский сход граждан Баркамол, улица Хосият",1,0,0,0,0,0,0,0,0,0,0,0,0,0
4-комнатная квартира на продажу,113,125000,4,8,10,Черновая отделка,Кирпичный,"город Ташкент, Яккасарайский район, махаллинский сход граждан Дамарык, улица Кичик Бешагач",1,0,0,0,0,0,0,0,0,0,0,0,0,0
4-комнатная квартира на продажу,90,80000,4,5,5,Евроремонт,Панельный,"город Ташкент, Сергелийский район, махаллинский сход граждан Нурхаёт",0,0,0,0,0,0,0,0,0,0,0,0,0,0
4-комнатная квартира на продажу,90,120000,4,3,4,Евроремонт,Панельный,"город Ташкент, Учтепинский район, жилой комплекс Фарход",0,0,0,0,0,0,0,0,0,0,0,0,0,0
3-комнатная квартира на продажу,60,75900,3,2,4,Авторский проект,Кирпичный,"город Ташкент, Чиланзарский район, 1-й квартал",0,0,0,0,0,0,0,0,0,0,0,0,0,0
3-комнатная квартира на продажу,65,75000,3,3,5,Требует ремонта,Панельный,"город Ташкент, Мирзо-Улугбекский район, массив Буз-1, улица Мусаввирлар",0,0,0,0,0,0,0,0,0,0,0,0,0,0
1-комнатная квартира на продажу,27,31500,1,2,4,Требует ремонта,Кирпичный,"город Ташкент, Юнусабадский район, махаллинский сход граждан Хусниабад",0,0,0,0,0,0,0,0,0,0,0,0,0,0
5-комнатная квартира на продажу,112,106000,5,3,5,Средний,Панельный,"город Ташкент, Юнусабадский район, 18-й квартал",0,0,0,0,0,0,0,0,0,0,0,0,0,0
1-комнатная квартира на продажу,30,52000,1,3,4,Евроремонт,Панельный,"город Ташкент, Юнусабадский район, 3-й квартал",0,0,0,0,0,0,0,0,0,0,0,0,0,0
2-комнатная квартира на продажу,48,87000,2,10,14,Евроремонт,Кирпичный,"город Ташкент, Яккасарайский район, Prestige garden turar-joy majmuasi",1,0,0,0,0,0,0,0,0,0,0,0,0,0
2-комнатная квартира на продажу,33,45000,2,4,4,Средний,Кирпичный,"город Ташкент, Мирзо-Улугбекский район, махаллинский сход граждан Элабад",0,0,0,0,0,0,0,0,0,0,0,0,0,0
2-комнатная квартира на продажу,47,105000,2,7,12,Авторский проект,Кирпичный,"город Ташкент, Мирзо-Улугбекский район, жилой комплекс Mirzo Ulugbek",1,0,0,0,0,0,0,0,0,0,0,0,0,0
2-комнатная квартира на продажу,45,50000,2,7,9,Черновая отделка,Панельный,"город Ташкент, Юнусабадский район, 11-й квартал",1,1,0,0,0,1,0,0,0,1,0,0,0,1
2-комнатная квартира на продажу,55,53000,2,4,4,Требует ремонта,Панельный,"город Ташкент, Мирзо-Улугбекский район, махаллинский сход граждан Элобод",0,1,0,0,0,0,0,0,0,1,0,0,0,1
3-комнатная квартира на продажу,70,71000,3,4,4,Средний,Панельный,"город Ташкент, Юнусабадский район, махаллинский сход граждан Ахилобод, улица Ниязбек",0,1,0,0,0,1,0,0,0,1,0,0,0,1
1-комнатная квартира на продажу,30,28000,1,3,9,Требует ремонта,Панельный,"Ташкентская область, городской посёлок Назарбек, 2-й проезд Коракамиш",1,0,0,0,0,1,0,0,0,0,0,0,0,1
1-комнатная квартира на продажу,38,41500,1,5,5,Средний,Панельный,"город Ташкент, Юнусабадский район, махаллинский сход граждан Юртабад",0,1,0,0,0,1,0,0,0,0,0,0,0,1
5-комнатная квартира на продажу,140,175000,5,1,12,Евроремонт,Панельный,"город Ташкент, Шайхантахурский район, махаллинский сход граждан Чакар, улица Фурката",1,0,1,1,0,0,1,0,1,1,0,0,0,0
3-комнатная квартира на продажу,77,155000,3,3,4,Авторский проект,Кирпичный,"город Ташкент, Мирабадский район, махаллинский сход граждан Мингурик, проспект Амира Темура",0,0,1,1,0,0,1,1,1,1,0,0,0,0
3-комнатная квартира на продажу,128,180000,3,4,12,Евроремонт,Монолитный,"город Ташкент, Мирабадский район, махалля Миробод, улица Нукус",1,0,1,1,0,0,1,1,1,1,0,0,0,0
4-комнатная квартира на продажу,90,115000,4,3,5,Средний,Кирпичный,"город Ташкент, Алмазарский район, махаллинский сход граждан Себзар",0,1,0,0,0,0,0,0,0,1,0,0,0,0
2-комнатная квартира на продажу,50,56555,2,4,4,Евроремонт,Панельный,"город Ташкент, Чиланзарский район, махаллинский сход граждан Мехржон",0,1,0,0,0,1,1,1,1,1,1,0,0,1
2-комнатная квартира на продажу,56,59555,2,2,4,Евроремонт,Кирпичный,"город Ташкент, Учтепинский район, махаллинский сход граждан Гузар",0,1,0,0,0,1,1,0,0,1,1,0,0,1
2-комнатная квартира на продажу,52,56555,2,3,4,Средний,Панельный,"город Ташкент, Учтепинский район, махаллинский сход граждан Бирлик",0,1,1,1,0,1,1,1,1,1,1,0,0,1
3-комнатная квартира на продажу,80,85000,3,4,5,Евроремонт,Панельный,"город Ташкент, Сергелийский район, массив Учувчилар Шахарчаси, улица Аэропорт",0,0,0,0,0,0,0,0,0,0,0,0,0,0
2-комнатная квартира на продажу,63,79800,2,4,9,Евроремонт,Панельный,"город Ташкент, Мирабадский район, махаллинский сход граждан Фуркат, улица Сайхун",1,0,0,0,0,0,0,0,0,0,0,0,0,0
2-комнатная квартира на продажу,43,42000,2,2,2,Средний,Кирпичный,"город Ташкент, Мирабадский район, махаллинский сход граждан Абдурауф Фитрат, улица Эски-Сарикул",0,0,0,0,0,0,0,0,0,0,0,0,0,0
2-комнатная квартира на продажу,60,58000,2,4,4,Средний,Другое,"город Ташкент, Мирабадский район, махаллинский сход граждан Фуркат, улица Таллимаржон",0,0,0,0,0,0,0,0,0,0,0,0,0,0
2-комнатная квартира на продажу,55,41500,2,2,2,Средний,Кирпичный,"город Ташкент, Яшнободский район, махаллинский сход граждан Жаркургон, улица Захидова",0,0,0,0,0,0,0,0,0,0,0,0,0,0
1-комнатная квартира на продажу,30,36000,1,2,3,Средний,Кирпичный,"город Ташкент, Мирабадский район, махаллинский сход граждан Заминобод, улица Мирзы Джахангира",0,0,0,0,0,0,0,0,0,0,0,0,0,0
1-комнатная квартира на продажу,2,695,1,1,1,Средний,Другое,"город Ташкент, Чиланзарский район, махаллинский сход граждан Бешкурган, улица Бунёд",0,0,0,0,0,0,0,0,0,1,0,1,1,1
2-комнатная квартира на продажу,45,50000,2,2,4,Требует ремонта,Панельный,"город Ташкент, Яшнободский район, махаллинский сход граждан Авиасозлар, 2-й проезд Авиасозлар",0,0,0,0,0,0,0,0,0,0,0,0,0,0
4-комнатная квартира на продажу,265,230000,4,4,4,Евроремонт,Кирпичный,"город Ташкент, Мирабадский район, махаллинский сход граждан Айбек, улица Фидокор",0,0,0,0,0,0,0,0,0,0,0,0,0,0
2-комнатная квартира на продажу,38,29200,2,1,1,Евроремонт,Кирпичный,"город Ташкент, Мирабадский район, махаллинский сход граждан Банокатий, улица Сарыкуль",0,0,0,0,0,0,0,0,0,0,0,0,0,0
3-комнатная квартира на продажу,73,85000,3,6,9,Евроремонт,Панельный,"город Ташкент, Алмазарский район, махаллинский сход граждан Юкары Себзар",1,0,0,0,0,0,0,0,0,0,0,0,0,0
1-комнатная квартира на продажу,50,51500,1,7,10,Черновая отделка,Кирпичный,"город Ташкент, Чиланзарский район, махаллинский сход граждан Домбрабад, улица Гавхар",1,0,0,0,0,0,0,0,0,0,0,0,0,0
3-комнатная квартира на продажу,78,84500,3,2,5,Авторский проект,Панельный,"город Ташкент, Мирзо-Улугбекский район, махаллинский сход граждан Аль-Фараби",0,1,1,1,1,1,1,1,1,1,1,0,0,0
2-комнатная квартира на продажу,65,84000,2,7,9,Средний,Панельный,"город Ташкент, Шайхантахурский район, массив Хадра, улица Себзар",1,0,0,0,0,0,0,0,0,0,0,0,0,0
2-комнатная квартира на продажу,62,75000,2,7,9,Средний,Панельный,"город Ташкент, Алмазарский район, махаллинский сход граждан Хастимам, улица Себзар",1,0,0,0,0,0,0,0,0,0,0,0,0,0
2-комнатная квартира на продажу,60,58000,2,9,9,Требует ремонта,Панельный,"город Ташкент, Мирзо-Улугбекский район, Oq saroy turar-joy majmuasi, 3-й тупик Паркент",1,0,0,0,0,0,0,0,0,0,0,0,0,0
1-комнатная квартира на продажу,40,9500,1,7,9,Черновая отделка,Монолитный,"Бухарская область, Каган, проспект Бухара",1,0,0,0,0,0,0,0,0,0,0,0,0,0
4-комнатная квартира на продажу,83,83000,4,3,5,Средний,Панельный,"город Ташкент, Мирзо-Улугбекский район, массив Феруза-2",0,0,0,0,0,0,0,0,0,0,0,0,0,0
3-комнатная квартира на продажу,100,99000,3,5,7,Требует ремонта,Кирпичный,"город Ташкент, Шайхантахурский район, махаллинский сход граждан Караташ",1,0,0,0,0,0,0,0,0,0,0,0,0,0
2-комнатная квартира на продажу,73,62050,2,7,12,Черновая отделка,Кирпичный,"город Ташкент, Яшнободский район, махаллинский сход граждан Бойкургон, улица Султанали Машхади",1,0,0,0,0,0,0,0,0,0,0,0,0,0
2-комнатная квартира на продажу,65,70750,2,5,9,Евроремонт,Монолитный,"город Ташкент, Чиланзарский район, махаллинский сход граждан Бурижар",1,1,1,1,0,1,1,1,1,1,1,0,0,1
1-комнатная квартира на продажу,28,21000,1,4,4,Евроремонт,Кирпичный,"Андижанская область, Андижан, махаллинский сход граждан Узбекистон 20 Йиллиги",0,0,0,0,0,1,0,0,0,0,0,0,0,0
3-комнатная квартира на продажу,125,175000,3,4,12,Евроремонт,Монолитный,"город Ташкент, Мирабадский район, махаллинский сход граждан Салор, улица Нукус",1,0,0,0,0,0,0,0,0,0,0,0,0,0
5-комнатная квартира на продажу,120,160000,5,7,9,Средний,Панельный,"город Ташкент, Мирабадский район, махаллинский сход граждан Фаровон, улица Афросиаб",1,0,0,0,0,0,0,0,0,0,0,0,0,0
2-комнатная квартира на продажу,50,62777,2,3,4,Евроремонт,Панельный,"город Ташкент, Учтепинский район, махаллинский сход граждан Богистан",0,1,0,0,0,1,0,0,0,1,1,0,0,1
4-комнатная квартира на продажу,98,120000,4,5,9,Евроремонт,Панельный,"город Ташкент, Яшнободский район, махаллинский сход граждан Дустобод, улица Паркент",1,0,1,0,0,1,1,1,1,1,1,0,1,1
1-комнатная квартира на продажу,30,25000,1,2,4,Средний,Кирпичный,"город Ташкент, Сергелийский район, махаллинский сход граждан Дарёбуйи, 3-й проезд Нилуфар",0,0,1,1,1,1,1,0,1,1,1,0,0,0
6+ комнатная квартира на продажу,158,140000,6,7,8,Черновая отделка,Другое,"город Ташкент, Мирзо-Улугбекский район, массив Паркент",1,0,0,0,0,0,0,0,0,0,0,0,0,0
4-комнатная квартира на продажу,140,189000,4,9,10,Евроремонт,Другое,"город Ташкент, Мирабадский район, махаллинский сход граждан Карасу, Фергана Йули",1,0,0,0,0,0,0,0,0,0,0,0,0,0
3-комнатная квартира на продажу,116,130000,3,4,4,Средний,Кирпичный,"город Ташкент, Чиланзарский район, квартал И",0,1,1,0,0,1,1,1,1,1,1,0,1,1
2-комнатная квартира на продажу,50,51000,2,4,4,Средний,Панельный,"город Ташкент, Чиланзарский район, 10-й квартал массива Чиланзар",0,0,0,0,0,0,0,0,0,0,0,0,0,0
1-комнатная квартира на продажу,30,55000,1,1,4,Средний,Кирпичный,"город Ташкент, Шайхантахурский район, массив Ц-12, улица Лабзак",0,0,0,0,0,0,0,0,0,0,0,0,0,0
4-комнатная квартира на продажу,102,167000,4,2,8,Евроремонт,Другое,"город Ташкент, Яшнободский район, массив Ташсельмаш, Tashselmash ko'chasi",1,0,0,0,0,0,0,0,0,0,0,0,0,0
2-комнатная квартира на продажу,50,135000,2,7,25,Евроремонт,Другое,"город Ташкент, Мирзо-Улугбекский район, площадь Хамида Алимджана, проспект Мустакиллик",1,0,0,0,0,0,0,0,0,0,0,0,0,0
2-комнатная квартира на продажу,90,155000,2,6,7,Евроремонт,Другое,"город Ташкент, Мирабадский район, махаллинский сход граждан Биродарлик, улица Гоголя",1,0,0,0,0,0,0,0,0,0,0,0,0,0
2-комнатная квартира на продажу,47,63850,2,2,4,Евроремонт,Кирпичный,"город Ташкент, Мирзо-Улугбекский район, махаллинский сход граждан Катта Ялангач Ата, улица Тимура Малика",0,0,0,0,0,1,0,0,0,1,0,0,0,0
2-комнатная квартира на продажу,58,54500,2,3,9,Требует ремонта,Панельный,"город Ташкент, Юнусабадский район, махаллинский сход граждан Мингчинар",1,0,0,0,0,0,0,0,0,0,0,0,0,0
2-комнатная квартира на продажу,59,27500,2,2,4,Средний,Кирпичный,"Ферганская область, Фергана, махаллинский сход граждан Гульзар, улица Пахтаой",0,0,0,0,0,0,0,0,0,0,0,0,0,0
2-комнатная квартира на продажу,50,60000,2,1,4,Евроремонт,Панельный,"город Ташкент, Юнусабадский район, махаллинский сход граждан Янги Хаёт",0,1,1,1,0,0,1,1,1,1,0,0,0,0
3-комнатная квартира на продажу,90,100000,3,1,4,Требует ремонта,Кирпичный,"город Ташкент, Мирзо-Улугбекский район, махаллинский сход граждан Алпомиш, улица Буюк Ипак Йули",0,0,0,0,0,1,0,0,0,1,0,0,0,1
1-комнатная квартира на продажу,30,38000,1,3,4,Средний,Кирпичный,"город Ташкент, Мирабадский район, махаллинский сход граждан Фуркат, улица Эски-Сарикул",0,0,0,0,0,0,0,0,0,0,0,0,0,0
4-комнатная квартира на продажу,171,136800,4,4,4,Черновая отделка,Кирпичный,"город Ташкент, Мирзо-Улугбекский район, махаллинский сход граждан Олтинтепа, улица Турт Арык",0,0,0,0,0,0,0,0,0,0,0,0,0,0
4-комнатная квартира на продажу,85,160000,4,3,4,Средний,Кирпичный,"город Ташкент, Яккасарайский район, махаллинский сход граждан Юнус Раджаби, улица Юнуса Раджаби",0,0,0,0,0,0,0,0,0,0,0,0,0,0
2-комнатная квартира на продажу,50,70250,2,1,4,Евроремонт,Панельный,"город Ташкент, Чиланзарский район, махаллинский сход граждан Кутарма",0,1,1,1,1,1,1,1,1,1,1,0,0,1
2-комнатная квартира на продажу,60,77700,2,3,5,Евроремонт,Панельный,"город Ташкент, Яшнободский район, махаллинский сход граждан Ватандош",0,1,1,1,1,1,1,1,1,1,0,1,1,1
2-комнатная квартира на продажу,57,60500,2,2,4,Средний,Кирпичный,"город Ташкент, Алмазарский район, махаллинский сход граждан Гульсарай",0,1,0,0,0,1,1,0,1,1,1,0,0,1
3-комнатная квартира на продажу,80,130000,3,3,4,Евроремонт,Кирпичный,"город Ташкент, Яккасарайский район, махаллинский сход граждан Шахжахан, улица Шота Руставели",0,0,0,0,0,0,0,0,0,0,0,0,0,0
2-комнатная квартира на продажу,58,55000,2,5,5,Средний,Панельный,"город Ташкент, Яшнободский район, махаллинский сход граждан Мохинур",0,1,1,1,0,0,1,1,1,1,0,0,0,0
2-комнатная квартира на продажу,53,75000,2,1,7,Средний,Кирпичный,"город Ташкент, Янгихаётский район, массив Сергели-IIIа, улица Кургантепа",1,1,0,0,0,1,1,0,0,1,1,0,0,0
3-комнатная квартира на продажу,70,110000,3,4,5,Евроремонт,Кирпичный,"город Ташкент, Яккасарайский район, махаллинский сход граждан Богсарай, улица Шота Руставели",0,0,0,0,0,0,0,0,0,0,0,0,0,0
3-комнатная квартира на продажу,125,100000,3,4,8,Средний,Кирпичный,"город Ташкент, Янгихаётский район, 8-й квартал",1,1,0,0,0,1,0,0,1,0,0,0,1,1
1-комнатная квартира на продажу,50,51500,1,7,10,Черновая отделка,Кирпичный,"город Ташкент, Чиланзарский район, махаллинский сход граждан Яккабог, улица Сугалли-ота",1,0,0,0,0,0,0,0,0,0,0,0,0,0
3-комнатная квартира на продажу,68,75000,3,5,9,Средний,Монолитный,"город Ташкент, Юнусабадский район, массив Киёт",1,0,0,0,0,0,0,0,0,0,0,0,0,0
1-комнатная квартира на продажу,28,72000,1,4,4,Авторский проект,Кирпичный,"город Ташкент, Яккасарайский район, махалля Юнус Ражабий, площадь Космонавтов",0,0,1,1,0,0,1,1,1,1,0,0,0,0
2-комнатная квартира на продажу,34,59000,2,3,4,Авторский проект,Кирпичный,"город Ташкент, Чиланзарский район, 18-й квартал",0,0,0,1,0,0,1,1,1,1,0,0,0,0
3-комнатная квартира на продажу,60,77500,3,3,4,Средний,Кирпичный,"город Ташкент, Яшнободский район, 58а Военный Городок",0,0,0,0,0,0,1,1,0,0,0,0,0,0
3-комнатная квартира на продажу,66,52000,3,1,4,Средний,Кирпичный,"город Ташкент, Бектемирский район, махаллинский сход граждан Забардаст, Bektemir shoh ko'chasi",0,0,0,0,0,0,0,0,0,0,0,0,0,0
1-комнатная квартира на продажу,41,68000,1,4,16,Авторский проект,Монолитный,"город Ташкент, Мирзо-Улугбекский район, O'z mahal TJM",1,0,0,0,0,0,0,0,0,0,0,0,0,0
4-комнатная квартира на продажу,113,115000,4,7,9,Средний,Кирпичный,"город Ташкент, Мирзо-Улугбекский район, махаллинский сход граждан Нур",1,0,0,0,0,0,0,0,0,0,0,0,0,0
2-комнатная квартира на продажу,63,79000,2,2,2,Авторский проект,Кирпичный,"город Ташкент, Яшнободский район, махаллинский сход граждан Жаркургон, улица Джаркурган",0,1,1,1,1,0,1,1,1,1,1,0,1,1
4-комнатная квартира на продажу,100,73000,4,8,9,Требует ремонта,Панельный,"город Ташкент, Сергелийский район, массив Сергели-VIIа, улица Мирзы Турсунзаде",1,0,0,0,0,1,0,0,0,1,0,0,0,0
5-комнатная квартира на продажу,100,100000,5,4,5,Евроремонт,Монолитный,"город Ташкент, Учтепинский район, махаллинский сход граждан Алихонтура Согуний",0,0,0,0,0,0,0,0,0,0,0,0,0,0
3-комнатная квартира на продажу,80,380000,3,1,8,Авторский проект,Кирпичный,"город Ташкент, Шайхантахурский район, жилой комплекс Гарденс",1,0,0,0,0,0,0,0,0,0,0,0,0,0
2-комнатная квартира на продажу,52,72000,2,3,5,Евроремонт,Панельный,"город Ташкент, Яккасарайский район, массив Кушбеги",0,0,0,0,0,0,0,0,0,0,0,0,0,0
3-комнатная квартира на продажу,72,76000,3,3,9,Средний,Панельный,"город Ташкент, Чиланзарский район, махаллинский сход граждан Катта-Казирабад, улица Кирк-Киз",1,0,0,0,0,0,0,0,0,0,0,0,0,0
3-комнатная квартира на продажу,71,85000,3,4,4,Евроремонт,Кирпичный,"город Ташкент, Чиланзарский район, махаллинский сход граждан Катта-Казирабад",0,0,0,0,0,0,0,0,0,0,0,0,0,0
3-комнатная квартира на продажу,64,58000,3,2,4,Евроремонт,Панельный,"Самаркандская область, Самарканд, площадь Регистан",0,1,1,0,0,1,0,0,0,0,0,0,0,1
2-комнатная квартира на продажу,53,95000,2,1,8,Требует ремонта,Панельный,"город Ташкент, Яккасарайский район, махаллинский сход граждан Бабур, улица Бабура",1,1,0,0,0,1,0,0,0,0,0,0,0,1
3-комнатная квартира на продажу,83,67000,3,3,3,Требует ремонта,Кирпичный,"город Ташкент, Мирабадский район, махаллинский сход граждан Биродарлик, улица Дашнобод",0,0,0,0,0,0,0,0,0,0,0,0,0,0
1-комнатная квартира на продажу,28,53500,1,2,14,Евроремонт,Монолитный,"город Ташкент, Яшнободский район, жилой комплекс Беш чинор, улица Махтумкули",1,0,0,1,0,1,1,1,1,0,0,0,0,0
1-комнатная квартира на продажу,44,60000,1,1,4,Средний,Кирпичный,"город Ташкент, Мирзо-Улугбекский район, махаллинский сход граждан Подшобог, улица Буюк Ипак Йули",0,0,0,0,0,0,0,0,0,0,0,0,0,0
2-комнатная квартира на продажу,47,65000,2,5,5,Средний,Кирпичный,"город Ташкент, Чиланзарский район, махаллинский сход граждан Катта-Казирабад, улица Чапаната",0,0,0,0,0,1,0,0,0,1,0,0,0,0
4-комнатная квартира на продажу,207,280000,4,9,10,Евроремонт,Кирпичный,"город Ташкент, Юнусабадский район, махаллинский сход граждан Бадамзар, улица Бадамзар",1,0,0,0,0,0,0,0,0,0,0,0,0,0
2-комнатная квартира на продажу,94,98000,2,5,5,Евроремонт,Кирпичный,"город Ташкент, Чиланзарский район, махаллинский сход граждан Чарх Камалан-1, улица Новза",0,0,0,0,0,0,0,0,0,0,0,0,0,0
6+ комнатная квартира на продажу,287,243950,6,3,3,Евроремонт,Кирпичный,"Самаркандская область, Самарканд, махаллинский сход граждан Богбонлар, улица Беруни",0,1,1,1,1,1,1,1,1,1,0,1,1,1
1-комнатная квартира на продажу,33,52000,1,5,5,Евроремонт,Панельный,"город Ташкент, Мирзо-Улугбекский район, массив Буз-1",0,0,0,0,0,0,0,0,0,0,0,0,0,0
2-комнатная квартира на продажу,60,42000,2,1,1,Евроремонт,Кирпичный,"город Ташкент, Мирабадский район, махаллинский сход граждан Заминобод, улица Ок Йул",0,0,0,0,0,0,0,0,0,0,0,0,0,0
3-комнатная квартира на продажу,80,63000,3,5,9,Евроремонт,Блочный,"город Ташкент, Сергелийский район, массив Курувчи",1,1,0,0,0,1,0,0,0,1,0,0,0,1
2-комнатная квартира на продажу,56,75000,2,5,5,Средний,Панельный,"город Ташкент, Алмазарский район, махаллинский сход граждан Себзар, Sebzor dahasi",0,1,1,1,0,1,1,1,1,1,1,0,0,1
2-комнатная квартира на продажу,72,67000,2,1,9,Средний,Кирпичный,"город Ташкент, Янгихаётский район, махаллинский сход граждан Орият",1,1,1,1,1,1,1,1,1,1,0,0,1,1
2-комнатная квартира на продажу,55,61500,2,3,4,Требует ремонта,Панельный,"город Ташкент, Юнусабадский район, махалля Отчопар-1, Шахристанская улица",0,0,0,0,0,0,0,0,0,0,0,0,0,0
2-комнатная квартира на продажу,43,80000,2,2,2,Средний,Кирпичный,"город Ташкент, Яккасарайский район, махаллинский сход граждан Юнус Раджаби, улица Самарканд",0,0,0,0,0,0,0,0,0,0,0,0,0,0
2-комнатная квартира на продажу,60,62500,2,4,6,Евроремонт,Кирпичный,"город Ташкент, Сергелийский район, массив Узгарыш, улица Мирзы Турсунзаде",1,1,0,0,0,1,0,0,0,0,0,1,0,1
2-комнатная квартира на продажу,31,32000,2,3,4,Средний,Кирпичный,"город Ташкент, Яшнободский район, махаллинский сход граждан Фазогир, улица Иззат",0,0,0,0,0,0,0,0,0,1,0,0,0,0
2-комнатная квартира на продажу,50,75000,2,3,4,Евроремонт,Кирпичный,"город Ташкент, Юнусабадский район, махаллинский сход граждан Биллур",1,1,1,1,1,1,1,1,1,1,1,1,1,1
1-комнатная квартира на продажу,31,32000,1,1,2,Авторский проект,Другое,"город Ташкент, Янгихаётский район, 2-й квартал",0,0,0,0,0,1,0,0,0,1,0,0,0,0
2-комнатная квартира на продажу,42,65000,2,3,7,Евроремонт,Кирпичный,"город Ташкент, Чиланзарский район, махаллинский сход граждан Богзар",1,0,1,1,0,1,1,1,1,1,0,1,1,0
3-комнатная квартира на продажу,96,120000,3,9,12,Евроремонт,Панельный,"город Ташкент, Чиланзарский район, микрорайон Алмазар, улица Фурката",1,0,0,0,0,0,0,0,0,0,0,0,0,0
4-комнатная квартира на продажу,140,160000,4,4,4,Авторский проект,Кирпичный,"город Ташкент, Чиланзарский район, махаллинский сход граждан Чарх Камалан-1, Хивинская улица",0,0,0,0,0,0,0,0,0,0,0,0,0,0
1-комнатная квартира на продажу,12,16300,1,7,9,Средний,Панельный,"город Ташкент, Яшнободский район, махаллинский сход граждан Наврузобод",1,1,0,0,0,0,0,0,0,0,0,0,0,0
4-комнатная квартира на продажу,105,105000,4,8,9,Евроремонт,Кирпичный,"город Ташкент, Яккасарайский район, массив Башлык",1,1,1,1,1,0,1,1,1,1,1,0,0,0
1-комнатная квартира на продажу,33,39850,1,4,4,Требует ремонта,Панельный,"город Ташкент, Мирабадский район, махаллинский сход граждан Чинар",0,1,0,0,0,1,0,0,0,1,0,0,0,0
2-комнатная квартира на продажу,50,60000,2,3,7,Средний,Кирпичный,"город Ташкент, Сергелийский район, массив Сергели-III",1,0,0,0,0,1,0,0,0,0,0,0,0,1
4-комнатная квартира на продажу,80,85000,4,3,4,Средний,Панельный,"город Ташкент, Мирзо-Улугбекский район, махаллинский сход граждан Уйгониш",0,1,1,1,1,1,1,1,1,1,1,0,1,1
2-комнатная квартира на продажу,46,71500,2,5,5,Евроремонт,Панельный,"город Ташкент, Мирзо-Улугбекский район, махаллинский сход граждан Алпомиш, улица Мирзо Улугбека",0,0,0,0,0,0,0,0,0,0,0,0,0,0
1-комнатная квартира на продажу,36,44500,1,3,4,Черновая отделка,Панельный,"город Ташкент, Чиланзарский район, квартал 20А",0,0,0,0,0,0,0,0,0,0,0,0,0,0
1-комнатная квартира на продажу,52,58000,1,9,9,Требует ремонта,Монолитный,"город Ташкент, Мирабадский район, махаллинский сход граждан Мовароуннахр, улица Нукус",1,0,0,0,0,0,0,0,0,0,0,0,0,0
5-комнатная квартира на продажу,205,157000,5,9,10,Евроремонт,Кирпичный,"Ташкентская область, городской посёлок Эшангузар, улица Нугманова",1,0,0,0,0,0,0,0,0,0,0,0,0,0
4-комнатная квартира на продажу,90,80000,4,7,9,Требует ремонта,Монолитный,"город Ташкент, Яшнободский район, махаллинский сход граждан Тонг, 2-й массив Тузель",1,0,0,0,0,0,0,0,0,0,0,0,0,0
2-комнатная квартира на продажу,56,58000,2,3,16,Средний,Монолитный,"город Ташкент, Янгихаётский район, жилой комплекс Янгидархон-2",1,1,1,1,1,1,1,1,1,1,1,0,1,1
3-комнатная квартира на продажу,75,105000,3,3,5,Средний,Панельный,"город Ташкент, Мирзо-Улугбекский район, 6-й квартал",0,1,1,1,1,1,1,1,0,1,1,0,0,1
3-комнатная квартира на продажу,50,45000,3,1,2,Требует ремонта,Кирпичный,"город Ташкент, Яшнободский район, массив Авиагородок-22",0,0,0,0,0,0,0,0,0,0,0,0,0,0
1-комнатная квартира на продажу,35,80000,1,7,9,Евроремонт,Кирпичный,"город Ташкент, Юнусабадский район, массив Ц-2, тупик улица Алай Бозори",1,0,1,1,0,0,1,1,1,0,0,0,0,0
1-комнатная квартира на продажу,30,36000,1,2,3,Средний,Кирпичный,"город Ташкент, Мирабадский район, махаллинский сход граждан Биродарлик, улица Гейдара Алиева",0,0,0,0,0,0,0,0,0,0,0,0,0,0
2-комнатная квартира на продажу,58,97000,2,3,9,Евроремонт,Панельный,"город Ташкент, Юнусабадский район, махаллинский сход граждан Буюк Туран, улица Осиё",1,0,0,0,0,0,0,0,0,0,0,0,0,0
3-комнатная квартира на продажу,72,65000,3,2,4,Требует ремонта,Кирпичный,"город Ташкент, Сергелийский район, махаллинский сход граждан Олтинводий, улица Олтинводий",0,0,0,0,0,0,0,0,0,0,0,0,0,0
3-комнатная квартира на продажу,85,70000,3,1,5,Средний,Панельный,"город Ташкент, Сергелийский район, махалля Олтин Водий, 2-й тупик Олтинводий",0,0,0,0,0,0,0,0,0,0,0,0,0,0
2-комнатная квартира на продажу,78,128000,2,2,4,Евроремонт,Кирпичный,"город Ташкент, Мирзо-Улугбекский район, массив Алай, улица Олой Бозори",0,0,0,0,0,0,0,0,0,0,0,0,0,0
3-комнатная квартира на продажу,78,73000,3,4,7,Евроремонт,Кирпичный,"город Ташкент, Янгихаётский район, 16-й квартал",1,1,0,1,1,1,1,0,0,1,0,0,1,1
3-комнатная квартира на продажу,69,98000,3,6,9,Требует ремонта,Панельный,"город Ташкент, Мирзо-Улугбекский район, махаллинский сход граждан Хамид Олимжон, проспект Мустакиллик",1,1,0,0,1,1,0,1,0,1,0,0,0,0
3-комнатная квартира на продажу,75,135000,3,3,9,Евроремонт,Блочный,"город Ташкент, Мирабадский район, махаллинский сход граждан Фаровон, улица Мирабад",1,0,0,0,0,0,0,0,0,0,0,0,0,0
2-комнатная квартира на продажу,50,63350,2,3,4,Евроремонт,Панельный,"город Ташкент, Учтепинский район, 14-й квартал",0,1,0,0,0,1,0,0,0,1,1,0,0,1
2-комнатная квартира на продажу,56,37000,2,2,4,Средний,Панельный,"Ташкентская область, Чирчик, проспект Амира Темура",0,0,0,1,1,1,1,1,0,1,0,0,0,0
4-комнатная квартира на продажу,92,88000,4,2,5,Евроремонт,Панельный,"город Ташкент, Сергелийский район, махаллинский сход граждан Саховат",0,0,0,0,0,1,1,0,1,1,0,0,0,0
4-комнатная квартира на продажу,111,88000,4,2,9,Средний,Кирпичный,"город Ташкент, Алмазарский район, махаллинский сход граждан Зиё, улица Талабалар",1,1,1,1,1,1,1,1,1,0,0,0,0,1
4-комнатная квартира на продажу,82,140000,4,2,4,Средний,Кирпичный,"город Ташкент, Яккасарайский район, махаллинский сход граждан Беларык, улица Ракат",0,1,1,1,0,1,0,1,1,1,1,0,0,1
2-комнатная квартира на продажу,60,120000,2,4,4,Евроремонт,Кирпичный,"город Ташкент, Мирабадский район, махаллинский сход граждан Ат-Тирмизи, улица Афросиаб",0,0,0,0,0,0,0,0,0,0,0,0,0,0
2-комнатная квартира на продажу,60,83000,2,4,4,Средний,Кирпичный,"город Ташкент, Яккасарайский район, махаллинский сход граждан Богсарай, улица Бешчинар",0,0,0,0,0,0,0,0,0,0,0,0,0,0
1-комнатная квартира на продажу,50,83000,1,3,9,Средний,Блочный,"город Ташкент, Мирабадский район, махаллинский сход граждан Афрасиаб, улица Афросиаб",1,0,0,0,0,0,0,0,0,0,0,0,0,0
3-комнатная квартира на продажу,84,115000,3,4,4,Евроремонт,Кирпичный,"город Ташкент, Мирабадский район, махаллинский сход граждан Шараф Рашидов, улица Якуба Коласа",0,0,0,0,0,0,0,0,0,0,0,0,0,0
1-комнатная квартира на продажу,51,56500,1,1,4,Евроремонт,Панельный,"город Ташкент, Мирзо-Улугбекский район, массив Феруза-3",0,0,0,0,0,0,0,0,0,0,0,0,0,0
3-комнатная квартира на продажу,160,175000,3,1,3,Евроремонт,Кирпичный,"город Ташкент, Шайхантахурский район, махаллинский сход граждан Ипакчи, улица Ипакчи",0,0,0,0,0,0,0,0,0,0,0,0,0,0
2-комнатная квартира на продажу,60,50500,2,6,10,Черновая отделка,Монолитный,"город Ташкент, Яшнободский район, махаллинский сход граждан Куксарой",1,0,0,0,0,1,0,0,0,0,0,1,1,1
2-комнатная квартира на продажу,56,56000,2,4,5,Средний,Панельный,"город Ташкент, Янгихаётский район, массив Дустлик-1",0,1,1,0,1,1,1,1,1,1,1,0,0,1
3-комнатная квартира на продажу,63,105000,3,4,4,Евроремонт,Кирпичный,"город Ташкент, Яккасарайский район, махаллинский сход граждан Конституция, улица Юсуфа Хос Ходжиба",0,0,1,1,1,1,1,1,1,1,1,0,0,1
2-комнатная квартира на продажу,56,65000,2,5,5,Средний,Монолитный,"город Ташкент, Юнусабадский район, 5-й квартал",0,0,1,0,0,1,0,1,0,1,0,0,0,0
2-комнатная квартира на продажу,42,106000,2,7,9,Евроремонт,Кирпичный,"город Ташкент, Юнусабадский район, махаллинский сход граждан Богишамол, улица Ахмада Дониша",1,0,0,0,0,0,0,0,0,0,0,0,0,0
4-комнатная квартира на продажу,84,86000,4,2,4,Средний,Панельный,"город Ташкент, Алмазарский район, квартал 1/4",0,0,1,0,0,0,0,0,1,0,0,0,0,0
2-комнатная квартира на продажу,61,85000,2,2,5,Евроремонт,Панельный,"город Ташкент, Шайхантахурский район, махаллинский сход граждан Жангох",0,1,1,1,1,1,1,1,1,1,1,1,1,1
2-комнатная квартира на продажу,60,65000,2,3,4,Евроремонт,Кирпичный,"город Ташкент, Яшнободский район, махаллинский сход граждан Маърифат, улица Эльбека",0,0,0,0,0,0,0,0,0,0,0,0,0,0
3-комнатная квартира на продажу,56,120000,3,4,4,Евроремонт,Кирпичный,"Ташкентская область, махаллинский сход граждан Гулистон, улица Миробод",0,0,1,1,1,0,1,1,1,0,0,0,0,0
1-комнатная квартира на продажу,35,50500,1,2,4,Евроремонт,Другое,"город Ташкент, Чиланзарский район, махалля Чилонзор, улица Мукими",0,0,0,0,0,0,0,0,0,0,0,0,0,0
4-комнатная квартира на продажу,100,95000,4,8,9,Евроремонт,Панельный,"город Ташкент, Мирабадский район, 3-й квартал",1,0,0,0,0,0,0,0,0,0,0,0,0,0
2-комнатная квартира на продажу,60,55000,2,4,5,Требует ремонта,Панельный,"город Ташкент, Яшнободский район, махаллинский сход граждан Парвоз",0,0,0,0,0,0,0,0,0,0,0,0,0,0
1-комнатная квартира на продажу,31,42000,1,2,6,Требует ремонта,Кирпичный,"город Ташкент, Сергелийский район, махаллинский сход граждан Хабибий, улица Мирзы Турсунзаде",1,0,0,0,0,1,1,0,0,1,0,0,0,0
2-комнатная квартира на продажу,50,80000,2,9,10,Черновая отделка,Кирпичный,"город Ташкент, Юнусабадский район, массив Минор, проезд Минор",1,0,0,0,0,1,0,0,0,0,0,1,1,0
3-комнатная квартира на продажу,71,87000,3,4,4,Евроремонт,Кирпичный,"город Ташкент, Чиланзарский район, массив Наккашлык",0,0,0,0,0,0,0,0,0,0,0,0,0,0
2-комнатная квартира на продажу,60,83000,2,2,4,Средний,Кирпичный,"город Ташкент, Яшнободский район, 4-й квартал",0,0,1,1,0,1,1,1,1,1,1,0,0,0
1-комнатная квартира на продажу,43,44500,1,6,9,Средний,Монолитный,"город Ташкент, Сергелийский район, махаллинский сход граждан Хабибий",1,0,0,0,0,0,0,0,0,0,0,0,0,0
1-комнатная квартира на продажу,30,51000,1,1,4,Средний,Кирпичный,"город Ташкент, Яккасарайский район, махаллинский сход граждан Бабур, улица Абдуллы Каххара",0,1,1,1,0,1,0,0,1,1,1,0,1,0
3-комнатная квартира на продажу,72,85000,3,2,4,Средний,Кирпичный,"город Ташкент, Мирзо-Улугбекский район, махаллинский сход граждан Геофизика",0,1,0,0,0,1,0,0,0,1,1,0,0,0
2-комнатная квартира на продажу,50,69500,2,2,5,Евроремонт,Другое,"город Ташкент, Чиланзарский район, 3-й квартал",0,0,0,0,0,0,0,0,0,0,0,0,0,0
3-комнатная квартира на продажу,78,88000,3,3,4,Евроремонт,Кирпичный,"город Ташкент, Мирзо-Улугбекский район, массив Феруза-1",0,1,1,1,0,1,1,1,0,0,1,1,0,1
3-комнатная квартира на продажу,72,66500,3,5,5,Средний,Панельный,"город Ташкент, Юнусабадский район, махаллинский сход граждан Кушчинор",0,0,0,0,0,0,0,0,0,0,0,0,0,0
1-комнатная квартира на продажу,38,45000,1,4,4,Средний,Панельный,"город Ташкент, Яшнободский район, махаллинский сход граждан Илтифот, улица Авиасозлар",0,1,1,0,0,1,1,0,1,1,0,0,0,0
3-комнатная квартира на продажу,72,80000,3,1,9,Средний,Панельный,"город Ташкент, Яшнободский район, махаллинский сход граждан Журабек, Фергана Йули",1,1,0,1,1,1,1,0,1,1,1,1,0,1
1-комнатная квартира на продажу,40,41000,1,3,4,Средний,Панельный,"город Ташкент, Яшнободский район, массив Уйсозлар",0,1,0,0,0,1,0,0,1,1,1,0,0,1
1-комнатная квартира на продажу,45,51000,1,1,4,Средний,Монолитный,"город Ташкент, Мирзо-Улугбекский район, массив Феруза-2, улица Феруза",0,1,1,0,0,1,1,1,0,1,1,0,0,1
4-комнатная квартира на продажу,100,157000,4,4,9,Евроремонт,Панельный,"город Ташкент, Мирзо-Улугбекский район, махаллинский сход граждан Темурийлар, улица Амир Темур",1,0,0,0,0,0,0,0,0,0,0,0,0,0
2-комнатная квартира на продажу,61,80000,2,3,5,Средний,Панельный,"город Ташкент, Мирзо-Улугбекский район, массив Ахмада Югнаки, улица Ахмада Югнаки",0,0,1,1,0,0,1,1,1,0,0,0,0,0
4-комнатная квартира на продажу,92,85000,4,8,9,Средний,Панельный,"город Ташкент, Мирзо-Улугбекский район, массив Хумаюн",1,0,0,0,0,0,0,0,0,0,0,0,0,0
1-комнатная квартира на продажу,30,39500,1,5,5,Авторский проект,Панельный,"город Ташкент, Яшнободский район, махаллинский сход граждан Фазогир, улица Корасув",0,0,1,1,0,1,1,1,1,1,1,1,1,1
2-комнатная квартира на продажу,43,27000,2,1,5,Евроремонт,Кирпичный,"Хорезмская область, Ургенч, махаллинский сход граждан Учкуприк, проспект Аль-Хорезми",0,0,1,1,0,1,1,1,0,0,0,0,0,1
1-комнатная квартира на продажу,38,60000,1,4,12,Евроремонт,Панельный,"город Ташкент, Юнусабадский район, 13-й квартал, улица Ниязбек",1,0,0,0,0,1,0,0,0,1,0,0,1,0
2-комнатная квартира на продажу,55,61500,2,3,4,Средний,Кирпичный,"город Ташкент, Юнусабадский район, махаллинский сход граждан Отчопар-1, Шахристанская улица",0,0,0,0,0,0,0,0,0,0,0,0,0,0
4-комнатная квартира на продажу,92,92500,4,3,5,Средний,Панельный,"город Ташкент, Юнусабадский район, махаллинский сход граждан Собиробод",0,0,0,0,0,0,0,0,0,0,0,0,0,0
4-комнатная квартира на продажу,80,89000,4,3,4,Средний,Панельный,"город Ташкент, Юнусабадский район, махаллинский сход граждан Мингчинор",0,0,0,0,0,0,0,0,0,0,0,0,0,0
2-комнатная квартира на продажу,58,54500,2,4,4,Авторский проект,Кирпичный,"город Ташкент, Юнусабадский район, махаллинский сход граждан Абад, улица Зарбулак",0,0,0,0,0,0,0,0,0,0,0,0,0,0
3-комнатная квартира на продажу,78,73000,3,2,5,Средний,Панельный,"город Ташкент, Сергелийский район, 6-й квартал",0,0,0,0,0,0,0,0,0,0,0,0,0,0
3-комнатная квартира на продажу,67,40000,3,5,5,Требует ремонта,Кирпичный,"Ташкентская область, Чирчик, улица Маданият",0,0,0,0,0,1,0,0,0,1,1,0,0,1
2-комнатная квартира на продажу,38,41000,2,4,4,Средний,Кирпичный,"город Ташкент, Яшнободский район, махаллинский сход граждан Бойкургон, улица Янгибозор",0,0,0,0,0,0,0,0,0,0,0,0,0,0
4-комнатная квартира на продажу,100,115000,4,6,9,Средний,Панельный,"город Ташкент, Чиланзарский район, махаллинский сход граждан Кичик Хирмантепа, улица Аль-Хорезми",1,1,1,1,0,1,1,1,1,1,1,0,0,1
3-комнатная квартира на продажу,56,30895,3,4,4,Евроремонт,Кирпичный,"Кашкадарьинская область, Карши, 6-й микрорайон",0,1,0,0,0,0,0,0,0,0,0,0,0,0
3-комнатная квартира на продажу,100,110000,3,5,9,Евроремонт,Панельный,"город Ташкент, Яккасарайский район, махаллинский сход граждан Конституция",1,0,1,1,1,0,1,1,1,1,0,0,0,0
3-комнатная квартира на продажу,84,105000,3,5,5,Средний,Кирпичный,"город Ташкент, Мирабадский район, махаллинский сход граждан Янги Мирабад, улица Авлиё-Ота",0,0,0,0,0,0,0,0,0,0,0,0,0,0
3-комнатная квартира на продажу,75,127000,3,7,9,Евроремонт,Панельный,"город Ташкент, Мирабадский район, махаллинский сход граждан Мингурик, улица Шахрисабз",1,0,0,0,0,0,0,0,0,0,0,0,0,0
2-комнатная квартира на продажу,55,103000,2,4,4,Авторский проект,Кирпичный,"город Ташкент, Яккасарайский район, махаллинский сход граждан Дилбулок, улица Шота Руставели",0,0,1,1,0,0,1,1,1,1,0,0,0,0
1-комнатная квартира на продажу,25,27000,1,2,9,Авторский проект,Панельный,"город Ташкент, Чиланзарский район, махаллинский сход граждан Катта-Казирабад, Малая кольцевая дорога",1,1,1,0,0,1,0,1,0,1,1,0,1,1
1-комнатная квартира на продажу,20,23555,1,3,4,Евроремонт,Кирпичный,"город Ташкент, Чиланзарский район, массив Наккашлык, 4-й проезд Домбрабад",0,1,0,0,0,1,0,0,0,1,1,0,0,1
2-комнатная квартира на продажу,50,56950,2,2,4,Евроремонт,Панельный,"город Ташкент, Учтепинский район, 21-й квартал",0,1,1,1,0,1,1,1,1,1,1,0,0,1
1-комнатная квартира на продажу,27,31500,1,3,4,Требует ремонта,Кирпичный,"город Ташкент, Юнусабадский район, махаллинский сход граждан Хусниобод",0,0,0,0,0,0,0,0,0,0,0,0,0,0
3-комнатная квартира на продажу,68,80000,3,3,4,Средний,Кирпичный,"город Ташкент, Мирзо-Улугбекский район, махаллинский сход граждан Шахриобод",0,0,0,0,0,0,0,0,0,0,0,0,0,0
3-комнатная квартира на продажу,111,190000,3,4,7,Евроремонт,Кирпичный,"город Ташкент, Мирзо-Улугбекский район, махаллинский сход граждан Аккурган, улица Катта Дархон",1,0,0,0,0,0,0,0,0,0,0,0,0,0
3-комнатная квартира на продажу,109,150000,3,6,7,Средний,Кирпичный,"город Ташкент, Мирзо-Улугбекский район, махаллинский сход граждан Дархан, 3-й проезд Катта-Дархан",1,0,0,0,0,0,0,0,0,0,0,0,0,0
2-комнатная квартира на продажу,60,80000,2,3,4,Евроремонт,Панельный,"город Ташкент, Мирзо-Улугбекский район, махаллинский сход граждан Олимлар, улица Дурмон йули",0,0,0,0,0,0,0,0,0,0,0,0,0,0
2-комнатная квартира на продажу,63,90000,2,1,9,Евроремонт,Кирпичный,"Кашкадарьинская область, Шахрисабз, махаллинский сход граждан Синабог, улица Шохсарой",1,1,1,1,1,1,1,1,1,1,1,0,1,1
4-комнатная квартира на продажу,90,120000,4,9,12,Евроремонт,Монолитный,"город Ташкент, Яшнободский район, махаллинский сход граждан Наврузобод, 6-й проезд Авиасозлар",1,1,1,0,0,1,1,1,1,1,0,0,1,0
3-комнатная квартира на продажу,70,121000,3,2,5,Авторский проект,Кирпичный,"город Ташкент, Яккасарайский район, махалля Абдулла Каххор, улица Бабура",0,0,1,1,0,0,1,1,1,1,0,0,0,0
4-комнатная квартира на продажу,140,105000,4,8,9,Черновая отделка,No material,"город Ташкент, Юнусабадский район, Минор",1,0,0,1,0,1,0,0,0,0,1,1,1,1
2-комнатная квартира на продажу,56,65000,2,1,4,Авторский проект,Кирпичный,"город Ташкент, Мирзо-Улугбекский район, махаллинский сход граждан Навнихол, улица Муминова",0,0,0,0,0,0,0,0,0,0,0,0,0,0
2-комнатная квартира на продажу,57,82000,2,7,9,Евроремонт,Панельный,"город Ташкент, Яккасарайский район, махаллинский сход граждан Бобур, улица Бабура",1,1,1,1,0,0,1,0,0,1,0,0,0,0
1-комнатная квартира на продажу,20,26000,1,4,4,Средний,Кирпичный,"город Ташкент, Яккасарайский район, махаллинский сход граждан Мухандислар, улица Шота Руставели",0,0,0,1,0,1,1,1,1,1,0,0,0,1
2-комнатная квартира на продажу,30,80000,2,7,8,Евроремонт,Кирпичный,"город Ташкент, Юнусабадский район, массив Ц-2, проезд Олой Бозори",1,0,0,1,0,0,1,1,1,0,0,0,0,0
2-комнатная квартира на продажу,60,81000,2,4,9,Евроремонт,Монолитный,"город Ташкент, Яккасарайский район, махаллинский сход граждан Абдулла Каххар, улица Бабура",1,0,0,0,0,0,0,0,0,0,0,0,0,0
2-комнатная квартира на продажу,47,56000,2,3,4,Средний,Кирпичный,"город Ташкент, Чиланзарский район, махаллинский сход граждан Гулистан",0,0,0,0,0,0,0,0,0,0,0,0,0,0
3-комнатная квартира на продажу,94,137000,3,4,6,Черновая отделка,Кирпичный,"город Ташкент, Яшнободский район, махаллинский сход граждан Ташисти, улица Ифтихор",1,0,0,0,0,0,0,0,0,0,0,0,0,0
2-комнатная квартира на продажу,53,72000,2,2,5,Евроремонт,Кирпичный,"город Ташкент, Яккасарайский район, махаллинский сход граждан Тукимачи, улица Шота Руставели",0,1,1,1,1,1,1,1,1,1,1,1,1,1
2-комнатная квартира на продажу,58,65000,2,3,4,Евроремонт,Панельный,"Ташкентская область, городской посёлок Салар, улица Зиёкорлар",0,1,1,1,0,1,1,1,1,1,1,0,0,1
5-комнатная квартира на продажу,97,95000,5,5,5,Евроремонт,Панельный,"город Ташкент, Шайхантахурский район, махаллинский сход граждан Обиназир, улица Тошкуча",0,0,0,0,0,0,0,0,0,0,0,0,0,0
1-комнатная квартира на продажу,19,25000,1,5,9,Евроремонт,Панельный,"город Ташкент, Яшнободский район, махаллинский сход граждан Авиасозлар, улица Авиасозлар",1,0,0,0,0,0,0,0,0,0,0,0,0,0
2-комнатная квартира на продажу,62,96000,2,3,4,Евроремонт,Кирпичный,"город Ташкент, Мирзо-Улугбекский район, махаллинский сход граждан Дархан, улица Аккурган",0,0,1,0,0,0,1,1,1,1,0,0,0,1
2-комнатная квартира на продажу,50,68000,2,3,5,Евроремонт,Другое,"город Ташкент, Чиланзарский район, 6-й квартал",0,0,0,0,0,0,0,0,0,0,0,0,0,0
3-комнатная квартира на продажу,70,103000,3,8,9,Авторский проект,Кирпичный,"город Ташкент, Мирзо-Улугбекский район, махаллинский сход граждан Дархан, проспект Мустакиллик",1,0,1,1,0,0,1,1,1,1,0,0,0,0
3-комнатная квартира на продажу,68,90000,3,2,4,Требует ремонта,Кирпичный,"город Ташкент, Чиланзарский район, массив Алгоритм-Г35",0,0,0,0,0,0,0,0,0,0,0,0,0,0
4-комнатная квартира на продажу,87,130000,4,4,5,Евроремонт,Панельный,"город Ташкент, Шайхантахурский район, массив Чорсу",0,1,1,1,1,1,1,1,1,1,1,0,1,1
2-комнатная квартира на продажу,50,64000,2,2,5,Евроремонт,Другое,"город Ташкент, Чиланзарский район, 17-й квартал",0,0,0,0,0,0,0,0,0,0,0,0,0,0
2-комнатная квартира на продажу,45,62500,2,2,4,Евроремонт,Кирпичный,"город Ташкент, Учтепинский район, квартал Г9А",0,0,0,0,0,0,0,0,0,0,0,0,0,0
1-комнатная квартира на продажу,30,48000,1,3,4,Евроремонт,Монолитный,"город Ташкент, Чиланзарский район, 7-й квартал",0,0,0,0,0,0,0,0,0,0,0,0,0,0
1-комнатная квартира на продажу,30,48000,1,2,4,Евроремонт,Кирпичный,"город Ташкент, Чиланзарский район, 4-й квартал",0,0,0,0,0,0,0,0,0,0,0,0,0,0
3-комнатная квартира на продажу,75,88000,3,4,9,Средний,Блочный,"город Ташкент, Яшнободский район, махаллинский сход граждан Бойкургон, 1-я улица Мавляна Риёзи",1,1,1,1,0,1,1,1,1,1,1,0,0,1
3-комнатная квартира на продажу,70,95000,3,4,5,Евроремонт,Кирпичный,"город Ташкент, Мирабадский район, махаллинский сход граждан Тонг Юлдузи, Фергана Йули",0,0,0,0,0,0,0,0,0,0,0,0,0,0
2-комнатная квартира на продажу,60,58000,2,8,9,Требует ремонта,Панельный,"город Ташкент, Яшнободский район, махаллинский сход граждан Машинасозлар, улица Боткина",1,1,0,0,0,1,0,0,0,1,1,0,0,0
3-комнатная квартира на продажу,55,75000,3,1,4,Средний,Кирпичный,"город Ташкент, Юнусабадский район, махаллинский сход граждан Янгитарнов, 2-й проезд Козитарнов",0,0,0,0,0,0,0,0,0,1,0,0,0,1
2-комнатная квартира на продажу,50,52200,2,4,4,Евроремонт,Панельный,"город Ташкент, Учтепинский район, 15-й квартал",0,0,0,0,0,0,0,0,0,0,0,0,0,0
3-комнатная квартира на продажу,86,115000,3,4,4,Средний,Кирпичный,"город Ташкент, Мирзо-Улугбекский район, махаллинский сход граждан Окибат",0,0,0,0,0,0,0,0,0,0,0,0,0,0
3-комнатная квартира на продажу,75,128000,3,3,9,Евроремонт,Панельный,"город Ташкент, Мирзо-Улугбекский район, махаллинский сход граждан Шахрисабз",1,0,0,0,0,0,0,0,0,0,0,0,0,0
3-комнатная квартира на продажу,131,168000,3,5,9,Евроремонт,Кирпичный,"город Ташкент, Яшнободский район, махаллинский сход граждан Дустобод, улица Олтинтепа",1,1,1,1,1,1,1,1,1,1,1,1,1,1
2-комнатная квартира на продажу,63,165000,2,12,12,Евроремонт,Кирпичный,"город Ташкент, Мирзо-Улугбекский район, махалля Сайрам, улица Сайрам",1,0,0,0,0,0,0,0,0,0,0,0,0,0
3-комнатная квартира на продажу,66,73000,3,4,5,Средний,Кирпичный,"город Ташкент, Яшнободский район, махаллинский сход граждан Калкон",0,1,0,0,0,1,0,0,0,1,1,0,0,0
2-комнатная квартира на продажу,52,60000,2,1,4,Средний,Кирпичный,"город Ташкент, Учтепинский район, махаллинский сход граждан Гузар, улица Лутфий",0,0,0,0,0,0,0,0,0,0,0,0,0,0
4-комнатная квартира на продажу,95,115000,4,6,9,Требует ремонта,Панельный,"город Ташкент, Мирзо-Улугбекский район, махаллинский сход граждан Асака, улица Мирзакалона Исмаили",1,0,0,0,0,0,0,0,0,0,0,0,0,0
3-комнатная квартира на продажу,68,63000,3,5,5,Средний,Кирпичный,"город Ташкент, Учтепинский район, махаллинский сход граждан Тинчликабад",0,0,1,1,0,0,1,1,1,0,1,0,0,0
2-комнатная квартира на продажу,70,66000,2,5,8,Средний,Кирпичный,"город Ташкент, Янгихаётский район, махаллинский сход граждан Мархамат",1,1,0,0,0,1,0,0,0,1,0,0,0,1
4-комнатная квартира на продажу,90,85000,4,3,3,Средний,Кирпичный,"город Ташкент, Алмазарский район, махаллинский сход граждан Ачабад, улица Сагбан",0,1,0,0,0,1,1,0,0,1,0,0,0,1
1-комнатная квартира на продажу,38,46500,1,2,5,Требует ремонта,Панельный,"город Ташкент, Юнусабадский район, 19-й квартал",0,0,0,0,0,0,0,0,0,0,0,0,0,0
3-комнатная квартира на продажу,108,200000,3,6,10,Евроремонт,Другое,"город Ташкент, Юнусабадский район, махаллинский сход граждан Кашгар, улица Абдуллы Кадыри",1,0,0,0,0,0,0,0,0,0,0,0,0,0
3-комнатная квартира на продажу,65,130000,3,3,4,Евроремонт,Кирпичный,"город Ташкент, Яккасарайский район, массив Ракат, улица Беларик",0,0,0,0,0,0,0,0,0,0,0,0,0,0
2-комнатная квартира на продажу,50,72000,2,5,5,Средний,Панельный,"город Ташкент, Мирзо-Улугбекский район, массив Буз-1, улица Мирзо Улугбека",0,0,0,0,0,0,0,0,0,0,0,0,0,0
2-комнатная квартира на продажу,52,52000,2,2,2,Средний,Кирпичный,"город Ташкент, Бектемирский район, махаллинский сход граждан Рахат",0,0,0,0,0,0,0,0,0,0,0,0,0,0
1-комнатная квартира на продажу,31,37000,1,1,4,Евроремонт,Монолитный,"город Ташкент, Мирзо-Улугбекский район, махаллинский сход граждан Тракторсозлар, 5-й проезд Буюк Ипак Йули",0,0,1,1,1,1,1,1,1,1,1,1,1,1
4-комнатная квартира на продажу,95,110000,4,3,9,Евроремонт,Панельный,"город Ташкент, Алмазарский район, махаллинский сход граждан Зиё, Малая кольцевая дорога",1,1,0,0,0,1,0,0,1,1,1,0,0,0
4-комнатная квартира на продажу,109,100000,4,1,4,Средний,Кирпичный,"Ташкентская область, городской посёлок Салар, Университетская улица",0,0,0,0,0,1,0,0,1,0,0,0,0,1
2-комнатная квартира на продажу,45,53500,2,5,5,Средний,Кирпичный,"город Ташкент, Чиланзарский район, махаллинский сход граждан Чарх Камалан-3, улица Мукими",0,1,0,0,0,1,0,0,0,1,1,0,0,1
3-комнатная квартира на продажу,84,105000,3,3,4,Средний,Кирпичный,"город Ташкент, Шайхантахурский район, массив Ц-12",0,0,0,0,0,0,0,0,0,0,0,0,0,0
2-комнатная квартира на продажу,58,48500,2,4,4,Средний,Кирпичный,"город Ташкент, Яшнободский район, махаллинский сход граждан Тузель, улица Тузел 1",0,0,0,0,0,0,0,0,0,0,0,0,0,0
2-комнатная квартира на продажу,57,58000,2,4,4,Черновая отделка,Кирпичный,"город Ташкент, Мирзо-Улугбекский район, махаллинский сход граждан Подшобог, тупик Туртарык",0,0,0,0,0,0,0,0,0,0,0,0,0,0
1-комнатная квартира на продажу,42,43000,1,5,5,Авторский проект,Панельный,"город Ташкент, Сергелийский район, махаллинский сход граждан Иттифок",0,0,0,0,0,1,0,1,1,1,1,0,1,1
4-комнатная квартира на продажу,109,120000,4,2,5,Средний,Панельный,"город Ташкент, Мирабадский район, махаллинский сход граждан Янги Замон, тупик Куддус",0,1,0,0,0,1,0,0,0,1,1,0,0,1
1-комнатная квартира на продажу,38,44000,1,3,5,Средний,Панельный,"город Ташкент, Янгихаётский район, махаллинский сход граждан Файзли, улица Кипчак",1,1,1,1,1,1,1,1,1,1,1,1,1,1
3-комнатная квартира на продажу,80,90000,3,1,9,Евроремонт,Монолитный,"город Ташкент, Учтепинский район, массив Изза, улица Пойгох",1,0,0,0,0,0,0,0,0,0,0,0,0,0
2-комнатная квартира на продажу,45,69000,2,3,5,Средний,Панельный,"город Ташкент, Юнусабадский район, 5-й квартал, улица Еттичинор",0,0,0,0,0,0,0,0,0,0,0,0,0,0
3-комнатная квартира на продажу,70,78000,3,3,4,Евроремонт,Кирпичный,"город Ташкент, Яшнободский район, 1-й квартал",0,0,1,1,1,1,1,1,1,1,1,0,1,0
4-комнатная квартира на продажу,95,90000,4,5,5,Средний,Панельный,"город Ташкент, Юнусабадский район, махаллинский сход граждан Узбекистан Мустакиллиги",0,1,1,1,1,0,1,1,0,0,0,0,0,0
3-комнатная квартира на продажу,65,53000,3,7,10,Евроремонт,Монолитный,"город Ташкент, Бектемирский район, махаллинский сход граждан Абай, улица Г60",1,0,0,0,0,1,0,0,0,0,0,0,0,0
4-комнатная квартира на продажу,112,100000,4,2,5,Средний,Панельный,"город Ташкент, Сергелийский район, махаллинский сход граждан Халкобод",0,1,1,1,1,1,1,1,1,1,1,0,0,1
2-комнатная квартира на продажу,60,60000,2,1,3,Авторский проект,Другое,"город Ташкент, Мирзо-Улугбекский район, махаллинский сход граждан Жасорат, улица Хислат",0,0,0,0,0,1,0,0,0,1,1,0,0,1
5-комнатная квартира на продажу,800,78000,5,1,1,Средний,Кирпичный,"Ташкентская область, населённый пункт Май, село Болгаровка, 4Р8",0,0,0,0,0,0,0,0,0,0,0,0,0,0
4-комнатная квартира на продажу,100,85000,4,7,9,Средний,Панельный,"город Ташкент, Мирзо-Улугбекский район, махаллинский сход граждан Чимён, улица Карасу 1",1,1,0,0,0,1,0,0,0,1,0,0,0,1
2-комнатная квартира на продажу,52,66555,2,3,4,Евроремонт,Панельный,"город Ташкент, Чиланзарский район, махаллинский сход граждан Ботирма, улица Машраба",0,0,1,1,0,1,1,1,1,1,1,0,0,1
1-комнатная квартира на продажу,46,42500,1,6,9,Требует ремонта,Панельный,"город Ташкент, Юнусабадский район, махаллинский сход граждан Ифтихор, проспект Амира Темура",1,0,0,0,0,0,0,0,0,0,0,0,0,0
4-комнатная квартира на продажу,200,395000,4,2,5,Евроремонт,Кирпичный,"город Ташкент, Яшнободский район, махаллинский сход граждан Чулпон, улица Эльбека",0,0,0,0,0,0,0,0,0,0,0,0,0,0
2-комнатная квартира на продажу,62,95000,2,1,4,Евроремонт,Панельный,"город Ташкент, Мирабадский район, массив Айбек, улица Айбека",0,0,0,0,0,0,0,0,0,0,0,0,0,0
3-комнатная квартира на продажу,78,95000,3,3,5,Евроремонт,Панельный,"город Ташкент, Мирзо-Улугбекский район, 2-й квартал",0,0,0,0,0,0,0,0,0,0,0,0,0,0
3-комнатная квартира на продажу,73,67000,3,4,4,Требует ремонта,Панельный,"город Ташкент, Мирзо-Улугбекский район, махаллинский сход граждан Камолот",0,0,0,0,0,0,0,0,0,0,0,0,0,0
4-комнатная квартира на продажу,91,110000,4,1,5,Авторский проект,Панельный,"город Ташкент, Сергелийский район, квартал Сергели-4",0,1,0,0,0,1,0,0,1,1,1,0,0,1
3-комнатная квартира на продажу,79,77000,3,8,9,Евроремонт,Панельный,"город Ташкент, Яшнободский район, махаллинский сход граждан Амир Темур, 2-й проезд Бирлашган",1,0,0,0,0,0,0,0,0,0,0,0,0,0
3-комнатная квартира на продажу,75,120000,3,8,9,Средний,Панельный,"город Ташкент, Яккасарайский район, махаллинский сход граждан Юнус Раджаби, улица Афросиаб",1,1,0,0,0,0,1,0,0,0,0,0,0,0
1-комнатная квартира на продажу,30,72000,1,4,4,Евроремонт,Кирпичный,"город Ташкент, Яккасарайский район, махалля Богсарой, улица Сарабустон",0,0,0,1,0,0,1,1,0,0,0,0,0,0
2-комнатная квартира на продажу,57,75000,2,8,9,Требует ремонта,Панельный,"город Ташкент, Юнусабадский район, массив Минор, улица Осиё",1,0,0,0,0,0,0,0,0,0,0,0,0,0
1-комнатная квартира на продажу,37,56000,1,1,4,Средний,Панельный,"город Ташкент, Яшнободский район, массив Ташсельмаш",0,0,0,1,0,0,1,1,0,1,0,0,0,0
4-комнатная квартира на продажу,200,350000,4,3,4,Евроремонт,Кирпичный,"город Ташкент, Мирзо-Улугбекский район, махаллинский сход граждан Хамид Олимжон, улица Достоевского",0,0,0,0,0,0,0,0,0,0,0,0,0,0
2-комнатная квартира на продажу,55,60000,2,3,4,Средний,Кирпичный,"город Ташкент, Юнусабадский район, махаллинский сход граждан Отчопар-1, проспект Амира Темура",0,0,0,0,0,0,0,0,0,0,0,0,0,0
1-комнатная квартира на продажу,42,18500,1,1,4,Средний,Панельный,"Наманганская область, Наманган, Давлатабадский район",0,0,0,1,1,0,1,1,1,0,0,0,0,0
3-комнатная квартира на продажу,68,75000,3,2,5,Средний,Другое,"город Ташкент, Шайхантахурский район, массив Ибн Сина-1",0,0,1,0,0,0,0,0,1,1,0,0,0,0
4-комнатная квартира на продажу,126,105000,4,9,9,No renovation,No material,"город Ташкент, Яшнободский район, Махтумкули",1,0,0,0,0,1,0,0,0,0,0,0,0,0
3-комнатная квартира на продажу,92,87999,3,2,3,Средний,Кирпичный,"Ташкентская область, улица Минг терак",0,0,0,0,0,0,0,0,0,0,0,0,0,0
2-комнатная квартира на продажу,55,60500,2,3,4,Средний,Кирпичный,"город Ташкент, Юнусабадский район, махаллинский сход граждан Атчапар-1, Шахристанская улица",0,0,0,0,0,0,0,0,0,0,0,0,0,0
3-комнатная квартира на продажу,65,62000,3,4,5,Требует ремонта,Кирпичный,"город Ташкент, Учтепинский район, махаллинский сход граждан Чаманзар, улица Учтепа",0,0,0,0,0,0,0,0,0,0,0,0,0,0
1-комнатная квартира на продажу,38,41500,1,1,5,Средний,Кирпичный,"город Ташкент, Янгихаётский район, 15-й квартал",0,0,0,0,0,0,0,0,0,0,0,0,0,0
2-комнатная квартира на продажу,52,35000,2,3,3,Евроремонт,Кирпичный,"Ташкентская область, Ангрен, 6-й квартал, улица Марифат",1,1,1,1,1,1,1,1,1,1,1,1,1,1
2-комнатная квартира на продажу,55,190000,2,6,7,Евроремонт,Кирпичный,"город Ташкент, Шайхантахурский район, жилой комплекс Boulevard, улица Фурката",1,0,0,0,0,0,0,0,0,0,0,0,0,0
3-комнатная квартира на продажу,90,99000,3,3,9,Средний,Монолитный,"город Ташкент, Шайхантахурский район, махаллинский сход граждан Жангох, улица Себзар",1,0,0,0,0,0,0,0,0,0,0,0,0,0
3-комнатная квартира на продажу,90,90000,3,9,9,Евроремонт,Блочный,"город Ташкент, Мирзо-Улугбекский район, махаллинский сход граждан Янги Авайхон, улица Авайхон",1,1,1,1,0,1,1,0,1,1,1,0,0,1
3-комнатная квартира на продажу,73,62000,3,4,16,Авторский проект,Монолитный,"город Ташкент, Янгихаётский район, махаллинский сход граждан Файзли",1,0,0,0,0,0,0,0,0,0,0,0,0,0
2-комнатная квартира на продажу,62,67500,2,3,4,Евроремонт,Панельный,"город Ташкент, Юнусабадский район, 12-й квартал",0,0,0,0,0,0,0,0,0,0,0,0,0,0
3-комнатная квартира на продажу,75,130000,3,8,8,Евроремонт,Другое,"город Ташкент, Яккасарайский район, махаллинский сход граждан Абдулла Каххар, улица Глинки",1,0,0,0,0,0,0,0,0,0,0,0,0,0
2-комнатная квартира на продажу,76,75000,2,3,9,Средний,Монолитный,"город Ташкент, Алмазарский район, махаллинский сход граждан Орзу, улица Беруни",1,1,0,1,0,1,1,1,0,1,1,0,1,1
3-комнатная квартира на продажу,75,135000,3,4,4,Авторский проект,Кирпичный,"город Ташкент, Мирзо-Улугбекский район, махаллинский сход граждан Аккурган, 1-й проезд Аккурган",0,0,1,1,1,1,1,1,1,1,0,0,0,0
1-комнатная квартира на продажу,24,40000,1,1,2,Средний,Кирпичный,"город Ташкент, Мирзо-Улугбекский район, махаллинский сход граждан Авайхан, улица Гёте",0,0,0,0,0,0,1,0,0,0,0,0,0,0
4-комнатная квартира на продажу,130,150000,4,6,7,Евроремонт,Кирпичный,"город Ташкент, Яшнободский район, махаллинский сход граждан Чулпан, улица Махтумкули",1,0,0,0,0,0,0,0,0,0,0,0,0,0
2-комнатная квартира на продажу,45,69000,2,4,5,Средний,Кирпичный,"город Ташкент, Юнусабадский район, махаллинский сход граждан Кушчинор, улица Еттичинор",0,0,0,0,0,0,0,0,0,0,0,0,0,0
1-комнатная квартира на продажу,28,39500,1,2,5,Требует ремонта,Кирпичный,"город Ташкент, Мирзо-Улугбекский район, махаллинский сход граждан Навнихол, улица Шахриабад",0,0,0,0,0,0,0,0,0,0,0,0,0,0
5-комнатная квартира на продажу,99,95000,5,5,9,Средний,Блочный,"город Ташкент, Шайхантахурский район, массив Бельтепа",1,1,1,1,1,1,1,1,1,1,1,0,0,1
4-комнатная квартира на продажу,146,139000,4,1,4,Средний,Кирпичный,"город Ташкент, Яшнободский район, 1-й квартал, улица Темирчи",0,1,0,0,0,1,1,0,0,1,1,0,0,0
4-комнатная квартира на продажу,120,169900,4,1,5,Авторский проект,Кирпичный,"город Ташкент, Шайхантахурский район, махаллинский сход граждан Шайхонтохур, проезд Лабзак",0,0,0,0,0,0,0,0,0,0,0,0,0,0
4-комнатная квартира на продажу,84,99000,4,4,4,Средний,Кирпичный,"город Ташкент, Шайхантахурский район, махаллинский сход граждан Кохата, улица Зульфияханум",0,0,0,0,0,0,0,0,0,0,0,0,0,0
3-комнатная квартира на продажу,85,145000,3,1,3,Авторский проект,Кирпичный,"город Ташкент, Мирабадский район, махаллинский сход граждан Афрасиаб, улица Якуба Коласа",0,0,0,0,0,0,0,0,0,0,0,0,0,0
4-комнатная квартира на продажу,112,158000,4,4,10,Авторский проект,Кирпичный,"город Ташкент, Бектемирский район, массив Тараккиёт, улица Яшнабод",1,1,1,1,1,1,1,1,1,1,1,1,1,1
3-комнатная квартира на продажу,56,75000,3,6,7,Средний,Кирпичный,"город Ташкент, Сергелийский район, населённый пункт Файзли, 2-й тупик Янги Хаёт",1,1,0,0,0,1,1,1,1,0,0,0,0,1
2-комнатная квартира на продажу,65,84999,2,9,10,Евроремонт,Кирпичный,"город Ташкент, Чиланзарский район, квартал Е",1,1,1,1,0,1,1,1,1,1,1,0,0,1
3-комнатная квартира на продажу,70,120000,3,1,4,Авторский проект,Кирпичный,"город Ташкент, Шайхантахурский район, массив Джангох",0,0,0,0,0,1,0,0,1,1,1,0,1,1
5-комнатная квартира на продажу,100,110000,5,5,9,Евроремонт,Панельный,"город Ташкент, Яшнободский район, массив Куйлюк-Центр, улица Тантана",1,1,0,0,1,1,1,0,1,1,1,1,0,1
4-комнатная квартира на продажу,92,72500,4,5,5,Евроремонт,Монолитный,"город Ташкент, Сергелийский район, махаллинский сход граждан Шукрона",0,1,1,0,1,1,1,1,1,1,0,0,0,0
3-комнатная квартира на продажу,55,50000,3,8,8,Евроремонт,Кирпичный,"город Ташкент, Яшнободский район, Izzat turar-joy majmuasi, улица Иззат",1,0,0,0,0,0,0,0,0,0,0,0,0,0
3-комнатная квартира на продажу,71,148000,3,6,8,Евроремонт,Другое,"город Ташкент, Мирзо-Улугбекский район, махаллинский сход граждан Алмачи, 2-й Паркентский проезд",1,0,0,0,0,0,0,0,0,0,0,0,0,0
4-комнатная квартира на продажу,83,92000,4,1,5,Средний,Панельный,"город Ташкент, Алмазарский район, массив Ходжаева",0,0,0,0,0,0,0,0,0,0,0,0,0,0
3-комнатная квартира на продажу,67,75000,3,4,5,Средний,Кирпичный,"город Ташкент, Чиланзарский район, квартал Г9",0,0,0,0,0,0,0,0,0,0,0,0,0,0
4-комнатная квартира на продажу,96,109000,4,2,9,Средний,Монолитный,"город Ташкент, Учтепинский район, массив Изза",1,0,0,0,0,0,0,0,0,0,0,0,0,0
3-комнатная квартира на продажу,66,115000,3,4,5,Евроремонт,Кирпичный,"город Ташкент, Яккасарайский район, махаллинский сход граждан Конституция, улица Шота Руставели",0,0,0,0,0,0,0,0,0,0,0,0,0,0
2-комнатная квартира на продажу,52,83500,2,2,5,Требует ремонта,Кирпичный,"город Ташкент, Яккасарайский район, махаллинский сход граждан Богсарай, улица Сарабустан",0,0,0,0,0,0,0,0,0,0,0,0,0,0
3-комнатная квартира на продажу,77,150000,3,3,4,Евроремонт,Кирпичный,"город Ташкент, Мирабадский район, махаллинский сход граждан Мовароуннахр, улица Садыка Азимова",0,0,0,0,0,0,0,0,0,0,0,0,0,0
2-комнатная квартира на продажу,60,110000,2,2,9,Евроремонт,Панельный,"город Ташкент, Яккасарайский район, махаллинский сход граждан Богсарай, улица Тафаккур",1,0,0,0,0,0,0,0,0,0,0,0,0,0
2-комнатная квартира на продажу,50,90000,2,2,4,Средний,Кирпичный,"город Ташкент, Яккасарайский район, махаллинский сход граждан Юнус Раджаби, проспект Шарафа Рашидова",0,0,0,0,0,0,0,0,0,0,0,0,0,0
1-комнатная квартира на продажу,45,53000,1,3,4,Средний,Кирпичный,"город Ташкент, Мирзо-Улугбекский район, махаллинский сход граждан Асака, 2-й тупик Дархан",0,0,0,0,0,0,0,0,0,0,0,0,0,0
2-комнатная квартира на продажу,49,35000,2,8,9,Средний,Другое,"город Ташкент, Мирабадский район, махаллинский сход граждан Фуркат, улица Янгизамон",1,0,0,0,0,1,0,0,0,0,0,0,0,0
